A	1.160278947202252	0.4597163857088815
A	1.946910736263649	1.3489533156348847
A	1.079742721010139	1.6872367988867096
A	0.39270401180831127	-0.14871658884184225
A	0.37848597160734343	0.9932656697850142
A	-0.87157917415781	-0.27122585426105794
A	0.6921103904857522	2.1614392303480536
A	0.5719539684002996	3.1278849567052123
A	1.2797551239597444	2.31084944021135
A	2.0874529336313277	2.696320194616405
A	0.8522809384686121	2.947302912445691
A	0.3943785641396942	1.0861758466868479
A	0.6395254693512771	-0.025698276208355075
A	0.15000406729382354	0.02206941688732711
A	1.8678426295564488	0.8988105009271917
A	1.207468428346717	0.2495938027734913
A	2.0121408834351353	1.1358943427223134
A	2.801152167403561	1.7546125354695028
A	1.5337091280243973	-0.09681485756893737
A	1.0170567029287019	1.1012024223265773
A	0.9864001144529819	0.5214697511287969
A	0.08829029240240738	0.47892520551903406
A	1.637627436642304	-0.054578136344064054
A	0.16726827681667755	0.5829330690228964
A	0.8027104774309409	0.43847252954067595
A	2.1764603851354654	3.1776799699475218
A	0.8480517673853039	2.008487436970226
A	0.8184164763749537	1.73293548366857
A	1.1156399971481008	-0.13633127672765188
A	1.2632354983028131	2.1630005523085196
A	0.07293207020803383	2.0007640952315473
A	0.9621362740958199	0.13068119350994767
A	2.3335473603505994	1.0123748283282343
A	1.6845705468135406	1.3853905429094118
A	-0.563907964471537	0.1829213562229014
A	-0.4603827319188156	0.7991966123364522
A	-1.0139797785199804	-1.3313283267961604
A	1.3152933999294452	0.8153604866589413
A	2.1766990857698327	1.0532092847449923
A	0.6730601779899523	1.3708672371278843
A	0.5541401366128825	-0.01583948819172698
A	1.0508054196879613	0.5735654932392983
A	0.25010410256357396	0.9116837197312475
A	-0.013805113191608598	2.5719860531974903
A	0.6349956735126971	-0.5894039776668598
A	1.3622499338672447	0.21321729385353672
A	-0.13380559022524485	-2.4999890109381804
A	0.09329750767248401	1.8431936981350823
A	2.260008866454975	1.5974826120260568
A	1.5235309673681017	0.3771841578259856
A	1.125268368475243	1.9202074328320071
A	1.6772977673281828	0.33327833505077675
A	3.339877103202489	2.5784374072625424
A	1.250609286081367	0.5885675043627578
A	0.3551022669365572	2.6650827387859453
A	-0.10268767314373273	1.7143947591440698
A	0.6817265404177861	2.3168070695577265
A	0.4614508476810155	2.155975294836754
A	-1.055947535457192	0.23446000434790204
A	1.5111553337089219	1.8290967353573861
A	0.8616449064425996	1.5385327739243506
A	2.0004825178246026	1.5840367034079015
A	1.895925976468332	0.6416593096817585
A	2.346662573087368	0.03236926729018064
A	0.5223511001512575	1.540679213232842
A	0.8292899990328668	1.5664384520194612
A	-0.9235068864241849	1.2135558632807253
A	0.49089202501109375	1.3078863548435296
A	3.21222867302354	1.1121602017047802
A	1.7911752094665072	-1.106501399255806
A	0.4091029494623398	1.403159219418883
A	-0.20515163096703093	1.7627838773582623
A	3.537736707570557	2.523468089427335
A	-1.4609852004780524	0.7850197438072419
A	-1.0374176848448395	-0.722855135465938
A	0.816393176323795	1.8642684158846363
A	0.786843734966837	0.7006384071597871
A	-0.921523221652095	2.217221377362834
A	-0.01619434697975053	2.6954038080561933
A	2.496079174431663	1.9567016085908744
A	-0.44784226139245265	1.2710979588460907
A	-0.9467376208668232	2.4157744321486554
A	1.5380776424766667	1.5793309868387206
A	0.4360485156753603	1.9144177800992657
A	-0.5631906321621172	0.0817862547694782
A	-0.16513235145468075	-0.4552918995441235
A	0.7212557538668829	1.228892737054576
A	0.33508173572815136	0.04595696628707491
A	-0.19058797773139258	2.1405642091795984
A	0.1723560419408986	2.499304415474482
A	1.2601692765454366	1.5768966192325529
A	-0.2623673813635363	2.0573679671574037
A	0.16604053951072073	1.567967828455726
A	0.8781060243040969	0.7221468099535016
A	1.7896814603269156	0.9988362913955029
A	-0.22447102075477243	0.24839569548261542
A	1.5121690451737781	0.6371228261398528
A	0.5681487081437736	-0.06869163914299503
A	1.6766095119722682	0.6705238390079986
A	1.8260914158992687	0.4106749813759015
A	0.023876873419071853	2.4523413106892216
A	1.3359740835922536	1.4463877972320758
A	1.7830987513390884	1.3919681822628587
A	1.769791846659269	1.0596903388053798
A	0.8075878556898481	-1.076597188372045
A	0.9796218991585736	0.22749026695413788
A	-0.4747331537328219	1.9779477439410162
A	1.0892454973144232	-0.05075512958929784
A	1.1456774926336903	-0.2477348592770956
A	0.1193509936531314	1.2440961463922506
A	1.3180943725281824	1.878318874153547
A	0.9988540270914138	0.32120638549927216
A	2.521637899989759	0.23615859896355584
A	-1.540621474496096	0.19344795147601823
A	1.1972952963386108	1.180679256185337
A	0.7450121066160569	0.5515816569351718
A	1.6336557911512244	0.5191012120607581
A	0.5053956311250487	0.4664745188281535
A	1.6917526458372434	1.7750261534614376
A	1.692908204436694	-2.052217301063294
A	-0.2882222310488831	0.9276742046493078
A	-1.064557672114283	-0.41505028232414887
A	0.6337775854714021	1.33749491363383
A	1.5287272619502206	-0.5662914204304044
A	0.3354123196088741	1.7767530408056018
A	1.9325751498504409	1.6994008391448245
A	-0.2901484888995147	-0.4997093921016509
A	1.757612304867855	1.4459365931506596
A	1.1062357014755035	0.8254033745594294
A	1.6128582503852655	0.6284445152847025
A	0.8321315860280816	1.0965808296768509
A	1.2371977332001178	0.5285376820879006
A	-0.27277790885286235	0.22898634410541274
A	0.4683247005874699	0.01726379945994927
A	-0.8768552631056044	2.185616246409964
A	-0.8474094734406625	0.05269571114236271
A	1.0417749226141666	0.3504923434795436
A	0.7131170084123692	3.465597527604848
A	0.9144126528942884	1.6052267349483897
A	0.5351550123962969	0.10611256665039537
A	-1.3181004086172798	0.9858658538310902
A	0.6397060168952011	0.1253438599844231
A	0.34150072420391964	1.418351859864563
A	1.4324307013242648	0.5745171539299464
A	1.9049964795240752	0.8655966966183846
A	0.8261594809390261	0.67123684875105
A	1.370683427533917	2.2739006250079403
A	0.5991406188416345	1.3812406903273828
A	2.0056034649718124	1.8666273834528369
A	0.5876845168733391	-0.08443405408410243
A	0.6619440073721535	-0.27655522674086264
A	1.8408915056348276	0.7816109297504364
A	1.1017213926688658	1.5487333528005884
A	1.0834514969111348	-0.22316259839313757
A	1.6542750571799398	-0.18766215177883017
A	2.8335665860017243	1.6186413395518635
A	2.1840431264773135	-0.4315532760434926
A	1.8295076602131428	2.1426501022235094
A	2.006309659894268	1.7256639988995421
A	2.387275387301356	1.458202891595414
A	1.660940186316981	1.2414351589908692
A	-0.2775913419763645	0.14789305186783563
A	1.0517354857245345	0.5195121710730959
A	1.010600607597021	-1.2744239972999898
A	0.8057971071981944	1.1419733577308375
A	0.5421032250213419	-0.800127813338531
A	0.9783364193924119	1.020524830422303
A	0.442342273893211	0.25202832465820857
A	2.153453872669459	0.24978385129192815
A	1.1928667735794756	1.0147891444546921
A	2.400994123651116	2.096118708406284
A	2.0216747296324127	2.286034199517612
A	1.6050283154645297	1.514405256837347
A	0.4740018801511733	2.6984633757268934
A	0.7836754623694524	0.9688445464917378
A	-0.2575200066431056	0.06902079391359706
A	1.660355697583534	-0.13417722388434838
A	-0.06742372591138168	1.0777644481439899
A	0.21352604246415285	1.4881506226451342
A	1.9571826385315791	-0.03345404288869824
A	0.4485044317507284	2.1741256521038377
A	-0.11352414703540492	1.042725920281055
A	-0.06562437667517562	1.1388633074002525
A	0.8760417048259623	2.271627365139522
A	-1.251341910143661	0.4294361766451299
A	2.203658199239084	2.5780987538451194
A	1.1930146271509625	1.2510677124668734
A	2.9392232860330214	2.2715652520800798
A	3.9658022700897413	0.16149741570794374
A	-0.4213117371257149	1.6490568786876192
A	1.1259913668042474	-0.3504314887558504
A	2.3884707143962034	1.392534566202438
A	-0.3175270685688927	-0.5585580831259229
A	-0.16683276431068883	1.2966599426593188
A	0.5077093844666658	2.635634273173205
A	3.8005136270976534	1.1494662464599106
A	1.3695066571180803	2.375648877610017
A	1.6328671000219581	0.8668919135815552
A	1.840795438766644	-0.3675173406142491
A	1.4845136546514415	-0.2673546088969945
A	1.2733180017601282	2.167694614359367
A	-0.6047849287060751	0.47022461259700277
A	1.1496965731474798	-0.333979075024895
A	0.43852745008872107	0.9338192787995487
A	1.2323864458224218	0.6911596203442036
A	1.3636091381413564	2.8085863558554864
A	2.199750610028893	1.4161633365367245
A	0.19665850576234412	0.9691622837422075
A	2.6170483323246385	0.4014222905445036
A	0.8326028690418014	-0.12508537553959287
A	1.9810248268255433	0.9396495753750911
A	1.0763384338442075	1.2778485106896076
A	0.7375675074462038	2.025314856288582
A	2.664551346266949	1.860364773969163
A	1.1909176039245086	0.4901554084688948
A	0.2367967866691959	1.034487736454277
A	1.204271983075302	0.818102450606279
A	0.2797008875633177	1.8118033135035523
A	1.2662423147329227	2.0879702594637735
A	2.216245737760696	1.6058198347335269
A	2.0970953701853614	0.6536345657411278
A	1.7034785019696725	1.5294993004512536
A	1.4457319976266145	1.7097020053100866
A	1.3653826572060155	1.1326898404826786
A	1.8471103206479076	0.8356813680030901
A	1.1338021518377301	0.2530179799316603
A	-0.24737553712924654	1.7995036172719576
A	1.4430841104700463	2.472670207783006
A	-0.3527745609437627	-0.18884532781427366
A	-0.24292558489517235	0.7077404218956727
A	-0.0506216584531769	-0.539777689634052
A	-0.037844376624385	-0.0855773088269014
A	0.5054474576876056	3.2097649784069437
A	0.6102991369272093	1.397876979565374
A	-0.512221856263295	0.21067106184250772
A	0.3002331780038272	1.1338220591498327
A	0.8105108700074898	0.14700935869613818
A	-0.527120316396402	-0.14514137204289845
A	1.4188935867312518	1.8638575104594977
A	1.6295613225995438	-0.4998914943379056
A	0.10157767757517522	-0.3265807632633848
A	2.356957810574288	-1.1900048343584073
A	1.3498307160405378	0.6255995708518405
A	1.3094432919050072	0.10481466174304344
A	0.14954649589277036	0.7500052816064853
A	1.7001456968332098	0.1453399254756973
A	0.6912379987501402	1.4308719413230269
A	1.6894271461674775	0.37094764853566853
A	0.9396307979812122	0.5727773057229204
A	1.2493053410794848	0.3496189378538196
A	0.9005207533600315	1.0118317704158424
A	0.6914932285240165	0.9642136059492165
A	0.1094956420433878	0.9085083850148001
A	0.4229037673877767	0.3510301593021632
A	1.6760135618648109	-0.02843759757012121
A	0.4185330747936248	0.6948169446498618
A	0.9437743336298906	0.17213484076116625
A	0.8341040423389566	5.0381186040404256
A	1.7832653507776022	1.555109539892372
A	-1.051602103577895	2.155775278353312
A	1.1359256827477022	1.3174771967508336
A	3.17225785009552	2.0599101261757777
A	1.5644901763799544	1.5392074185461253
A	2.6687833637374028	1.2316936722672782
A	2.541637121765967	2.149877242685659
A	0.9637680886419929	0.1874163002705631
A	0.5655721380698655	2.4241194247725364
A	-0.8257932914596715	2.552324460037511
A	0.8117450463799845	-0.5192863817406081
A	1.4538462275789332	1.6442062856867423
A	1.052409347296652	1.4208859471652635
A	0.30916581464807535	0.5331983670059017
A	-1.3187343931912219	1.0324584261283696
A	-0.33780991700813257	1.2501741394257073
A	1.1017254713845868	1.2327663193671439
A	1.8913492893605068	-0.47456642444275854
A	3.065215346684489	1.388003249497463
A	1.3664728605885572	-0.2901277700214213
A	0.9747281373005142	2.13273334201622
A	0.7726538703828595	1.397038982436664
A	-0.36062563822105775	0.07317047116279618
A	0.07730121732338413	3.4005460251592323
A	1.1694067365084488	1.7124999494826953
A	0.8552008564249733	0.4896593786073634
A	2.6637026535863724	1.0666694372136087
A	-0.34861029067921057	0.752865604228907
A	1.5374880819923997	2.5255874320669283
A	2.6508686169628595	1.4241088031576083
A	-0.2162509662637	1.7093008034890997
A	1.6525726568546477	-1.2781446136532102
A	0.1008901607424657	-0.08804169904136105
A	2.162424811967778	0.9379926645776874
A	0.3135306264466342	2.1648170226691783
A	2.355763995992805	2.589399672147798
A	2.6473349117862526	-0.11227147240577762
A	0.9369395704784417	1.4390105552808006
A	2.0970582669732467	0.549054936058375
A	1.6691474192281657	1.1304631453198417
A	0.8154725352226924	1.7326445118534326
A	0.21951038692275626	1.212790541990698
A	1.6996884120910698	0.686558698200499
A	1.521788283546146	0.9853632854848736
A	1.750842810625943	1.0301096079384804
A	0.5360778391943386	0.9952592481710073
A	2.4332184542267696	2.0247323079004245
A	2.660773665899695	1.1093714112430633
A	0.5315278000470784	0.5277063520503377
A	1.6937827832347647	-0.09769876570486757
A	0.8088380934628939	2.251875813001744
A	1.26526574723738	1.0401995994052122
A	0.6534890560130064	1.892223067895549
A	-0.3387463228896539	1.791123829534071
A	-0.44636129657549906	1.9556749699670086
A	-1.075632835208312	0.4496928441454131
A	2.0504155645344735	0.19659293340782324
A	-0.6606045733999677	-0.0714248979428107
A	3.296965057605779	-1.8457480293205082
A	2.1497948178919075	2.6647105402394766
A	0.7377790505258931	1.4214449956939725
A	1.0466659921641916	0.6003530269803403
A	0.6250785579237156	0.24839237146198434
A	1.4517652731805215	-0.4145933873723284
A	0.31019065007018076	1.6394771941024038
A	0.12548201246855595	1.4053984880415742
A	1.6744546016297877	1.03684698588591
A	1.8708930954658327	1.3824452015761557
A	-0.13010697237711066	1.38599558968034
A	2.641643947136436	2.1760341800940384
A	1.1825096494292149	1.4036257756955115
A	1.7134144003415281	0.44315805961459287
A	-0.39300080443771424	0.29089913275172175
A	0.7045502685163045	1.8165141881619409
A	2.482452685984008	0.3036191333447651
A	0.98060264386247	1.3921360630112543
A	0.9500231789976734	2.413625867883935
A	1.8739441477875844	1.501174317692445
A	0.0548518067830992	1.7987885623544155
A	2.2906637856286185	1.622060154320263
A	3.5192432709297137	1.1199896982697908
A	2.448418500152834	0.05351244946215117
A	-0.13403457663068052	0.7566678852870636
A	1.2288509811078354	1.7128051493023357
A	1.0719764482188219	0.7798158998619029
A	0.5007442625250759	0.7309241031698928
A	-0.49716313318318694	2.4300905897878815
A	0.8276437501782066	0.6019810774572814
A	0.3218001183780167	-1.9995682122715719
A	-0.0715167243223136	0.09371311443944053
A	-0.4386758377201587	0.7466010807101847
A	-1.0024170415052112	1.8836622854921943
A	1.6819939236450399	0.6237906149827248
A	1.2242255533549997	1.4315986245347572
A	1.734803913758753	0.5295962357662799
A	-0.14382683788614692	0.5172975598692324
A	1.1422667268160043	1.0211131933155722
A	-0.012727174795071461	1.9485970903993075
A	0.6276248680701169	1.5120436967451947
A	1.8037112668705473	2.5084555809252924
A	1.3465036921310132	0.48522383705925454
A	0.7419401738502661	1.0582135669827373
A	1.2175782658268632	3.0527225292631845
A	1.6237576205071707	-0.08115490630620847
A	0.4390289983198379	-0.3406618373453394
A	1.0360733435586469	2.3252996595520035
A	0.663863764645467	2.881893238694074
A	-1.47703413796533	1.4408578625070998
A	-1.2823161518410706	2.8742130831361825
A	0.13213406509299608	2.187517984715189
A	1.0284970910905058	0.9904011820594686
A	0.3824350374682234	1.3990584026277528
A	1.80623031639029	2.2993848482796535
A	1.224970078604745	2.056255034297568
A	0.4281259936680605	-1.2310168996700739
A	1.81086268165054	-0.5462673029436307
A	2.253679585174643	0.24924093254871837
A	0.389040619753096	1.0817969033118582
A	2.2040076013973775	0.3664721523476694
A	-0.21389112315634762	0.9683817871863577
A	1.6077524772143315	1.0610086359005984
A	1.7679102607498847	0.2282784583650863
A	-0.15782675994872886	2.372939569792402
A	0.04029950409130578	-0.03200499540090673
A	-1.2364339179108987	3.557728585046021
A	2.009957131105865	0.7326670643057243
A	0.10744710336861119	1.3878749777321624
A	0.3132294141851788	0.8945428537199522
A	-0.6536632615097797	-0.24577347556427176
A	1.4220314327954933	0.560147986219216
A	1.6288975008283835	1.9033731671791407
A	0.8597867724342725	2.2495672490998144
A	1.4659345176220535	1.2402210304745724
A	0.0999309499949056	-0.12226356938382987
A	0.30650177383105015	2.4562164960445076
A	1.6202129105695555	0.917451882557787
A	2.793902257586719	-1.588425309343212
A	0.6256211813660952	0.8771890651847796
A	0.8761827491490713	0.8545245914071051
A	-0.3104634991567834	-0.11710515162594581
A	1.1732488151942668	3.3182596784453087
A	0.6706184409894297	1.8511769269480463
A	0.519309248323021	-0.8937214815128367
A	1.906766081143612	1.4443430853808688
A	3.347246654352445	0.8748228336207702
A	1.6986534996823932	0.23017089826368842
A	1.2781254679254868	-0.10275320694429868
A	0.49852085135670476	0.9581588946703742
A	1.0499489975895202	1.7796599947775098
A	1.0138356171134233	1.1913139082237434
A	2.5486829170682404	2.3809717345504327
A	2.3378526752382447	2.6564634103082945
A	2.615761166666865	1.363212871571669
A	1.0715042263906098	-0.2957289657866593
A	2.1052629083995957	1.4633626586916197
A	1.74634592190828	1.188230161729999
A	2.283565249798304	1.4733714437047127
A	0.3738390124279948	0.45452717319891567
A	0.830099324470115	-0.1269434665330118
A	-0.42639435733549824	0.7725006494090771
A	1.1079360327331627	0.2691517554511248
A	2.0526873177309986	1.0443859835870875
A	1.1349598848436977	1.695874231369106
A	1.165772222236383	1.6599349755790342
A	3.498815594194317	-0.9669286178546836
A	1.7158161535696759	2.5086175584497186
A	1.3224760199364283	0.24317047700493044
A	0.6968341071884103	-1.0839226354646239
A	0.7432572375591711	-0.3614967851538109
A	0.5715150006451095	2.0321873867701377
A	0.9958124774749617	1.6561001324030606
A	3.243874467135085	-0.7788219344183578
A	1.019097609310968	3.006247358074146
A	0.41182294360808813	0.2971885768498356
A	1.1086638660586845	0.488819174204275
A	3.1423497303569827	0.9552556470883784
A	2.0687910184834126	1.6646726369969669
A	1.5529981513821942	-0.48167577190116595
A	0.44465025443964346	-1.5157393178061902
A	1.1451465319728966	2.249971670747932
A	0.5627005640931454	1.6531472473667859
A	1.057881358285275	0.6867015101585134
A	0.2472211089376224	-0.06355892528630713
A	1.3472992305625149	-0.1640885356349866
A	0.8706948756613841	1.4932251174429998
A	2.100793580647072	1.518159860551092
A	0.24015326875373744	1.234573526788683
A	0.8271346840825711	-0.1639108557363047
A	1.863689890933561	2.388819694695778
A	0.3197344283012561	-0.6778167769633676
A	1.5850767979129143	1.264354128201619
A	2.1726222381062	0.12356323174343353
A	0.397344532402755	1.5690665481516963
A	0.3104590317784156	0.7196268274101505
A	-0.3512809798970631	0.5663183365833371
A	-0.8729470153062979	1.3308645209244436
A	0.5932013133660154	0.6321097800191198
A	1.8085973377511797	0.23310043596699603
A	1.1543517171367628	-1.1611168874679563
A	2.3051934225927004	1.1257189365482327
A	-0.11717814648608837	0.2072106311240579
A	0.02350490308571207	-0.4533523353312927
A	1.0469799732283722	1.7637493193392602
A	2.2059094557712067	1.7440927923858036
A	1.403081605944077	2.2093119692298986
A	0.18356087424407586	0.3192652463376464
A	0.16720694607716247	0.5067327165089722
A	1.1570473781712307	1.7602115971992967
A	1.3163013165105535	0.4612326982198395
A	1.0226714287800613	1.8342928923088426
A	-0.4520753915833242	1.8777064574219557
A	0.9167360453915345	2.398178507721884
A	1.1359651612703685	-0.8569578458710234
A	1.5382958966219737	1.1601398987612046
A	2.741050268753849	1.329312919744669
A	1.2278225537563963	1.9196540347041997
A	0.9773229987428749	0.28172675877123743
A	1.0155486044685325	-0.39051271822392075
A	0.4475397152271927	-0.4222936887769537
A	-0.08287283515815247	0.8829555118925421
A	0.2398927288535575	1.2030478080392875
A	-0.42979909239733605	1.450590989227435
A	0.9407600799985838	0.7547955678583658
A	-0.27351584319670463	0.6305570480587189
A	1.5954470253191007	-1.0652429595376112
A	1.3063573742133676	1.4179836610910639
A	1.5168332841025176	0.774533643108569
A	-0.808140879016775	0.4534942326399065
A	1.7992867852152246	0.5904035249495434
A	0.4058015933627235	1.7324953737720392
A	-0.6715821366557866	1.3684777008176048
A	0.4216733192571567	1.4674478432542604
A	-0.5172207818849179	-0.1368431511022179
A	0.9704508285904151	1.7192824247313048
A	0.89151200690249	2.5522578208729945
A	1.5493017380808185	1.5363340677546617
A	1.2451938569604108	1.1443831717968769
A	1.5964617388531688	-0.34395223370658945
A	0.7472396084227856	1.2194601982722615
A	0.44074215736569666	-0.1940122609153796
A	0.2666974760549047	1.2693696269741406
A	2.73827752350629	1.71135996975815
A	1.2626366039708952	0.015579505701696972
A	1.3292247902302343	0.6473235407131461
A	-0.1570964048209602	1.9941434152041673
A	2.041987459019725	1.918370965877892
A	2.656452072389885	0.2914125212349259
A	-0.8281527794940895	0.7218988348062984
A	0.6795188558272514	-0.2263606927649553
A	2.110204136112369	1.8455226880347402
A	1.6137209533287882	0.26636578262593746
A	1.2305378878582756	2.0068849776105724
A	0.6588291787275	0.8705776361465145
A	3.078181184266113	3.5248292081184833
A	1.0751107595445915	2.5712471178829848
A	1.093360015293718	1.619569900511514
A	0.29686791884314145	0.7445305661144987
A	0.9713955911269309	3.1277785841648544
A	1.1761033212091399	1.3485995464610712
A	1.9844686346425955	-0.3350403798387276
A	0.13175035406332303	0.8684841222654957
A	-0.6351852889292595	0.8406701183895056
A	0.3751546940974725	2.2332195497727994
A	-1.046739975697922	1.6988612108349899
A	-0.18688076534726372	1.3901392117845925
A	0.6376478197181208	0.9782015720491766
A	0.6688074696191002	1.2951930240426504
A	1.7128985915819848	-1.0748522424212816
A	0.868784411553526	-0.8508146802824559
A	-0.5458684268655842	1.5513966470623823
A	1.2559585348875881	1.9206069696084507
A	2.5308065994438893	1.2701740709546514
A	0.41684151948629	2.0234431145290896
A	0.7482272719472657	-1.7641645812446574
A	0.4913684422084107	0.7520014063240911
A	1.9510312443550648	-1.0055913458962564
A	1.7094821931251083	1.280995355078915
A	1.1447200851837689	0.9647201790147113
A	1.3556469413403778	0.59110891933685
A	1.559285164260091	-0.01967812391037449
A	0.055377726257978654	1.2901501585850563
A	2.123966540612979	1.7325031388019168
A	0.7006345633405106	-0.7721116994773551
A	1.3585675072826644	-0.4047503963680421
A	1.4812033780591274	3.2416337372851043
A	2.4772669845485193	0.8968416753923868
A	0.28434027372457915	-0.22234955539457624
A	1.938684443875137	0.8071172144149033
A	1.679255339312208	1.327511990813182
A	-0.3830511230953981	-0.22277017097629903
A	0.6108434501175157	-0.037465259433202336
A	0.6055032232053242	3.34313826608481
A	0.08474333226327702	0.02125044161694334
A	1.200866320187549	0.3207635445276077
A	0.9165457161330599	0.13013985311103926
A	1.8054296662772296	0.8512551299848061
A	0.859938566466439	0.9313750761603764
A	1.146201184014723	2.528005533841996
A	1.8017715909593472	2.2634802267004774
A	1.7208351935508177	0.3764009610486343
A	1.9940827027619994	1.6219386680884869
A	2.8441710060449763	0.3893235603133003
A	2.144801766226177	2.1597381546201104
A	0.3543123695528799	-0.6249890543572902
A	2.0636838314685684	0.12343203902499811
A	0.06994184036311968	0.013205840941026281
A	0.6498248288742472	0.6193890934681012
A	1.0187377358399416	2.445017263441034
A	2.4926727762779306	1.5341204188443305
A	1.2156143518197078	0.44721526914069476
A	1.1439090236314935	0.017974638667377918
A	1.0430983844978012	0.9642370637060504
A	-0.040039788960383405	1.2536450298880133
A	1.8002146295852848	0.14065651056090123
A	2.3469370602558124	1.557138363206238
A	1.1011595686232332	1.7856292450060844
A	-0.26676054659398285	1.3703569303755483
A	0.8827254176183913	1.2395858872135177
A	1.2295088934599059	1.5246823505349112
A	-0.37622065154683026	1.1668345300635992
A	1.2557302217764739	0.6289504419790444
A	2.1985434635242185	3.6544488706982485
A	-0.351529915628642	0.12009678274491054
A	0.8729944610724827	0.7593790747171338
A	-0.6522751053620985	0.26549768863427736
A	1.8439723855256556	0.6232930219391642
A	0.3684528930641783	1.495741515399971
A	-0.018265341359748	2.3712064439535614
A	0.461369241858819	0.6815939149298511
A	2.423323870612765	0.9179223141447853
A	2.243651064320833	-0.9632156887347556
A	0.6329180897503017	0.2723476361841667
A	1.093476659540445	-0.8812011594234548
A	0.7061553994613674	2.071293254106608
A	1.4962350623335943	2.695252768659153
A	0.786873264530936	0.3919441472626497
A	2.029239782188995	1.667425226809915
A	1.2942115728701293	1.1763011005512913
A	0.28211164854071313	-1.9446759162579492
A	0.8279248311594767	-0.36869774495616325
A	0.8994779484438248	1.1673043236476253
A	2.294757619489319	0.6733219904268753
A	0.44068725737526093	-0.41354312952146843
A	1.2213711420271394	-0.05247663725774099
A	0.7635423333603877	1.2559524944743252
A	1.131333252635254	0.36068024599523585
A	0.6004503456394534	1.5623261065013432
A	0.7339471279267706	1.2221992325616802
A	-0.06397090901672375	0.4926738595873458
A	-0.09731883674562525	0.9217166520595653
A	0.2664136262770541	0.9411586416476
A	0.22114102192298257	1.0219432933973605
A	1.7826555839916822	2.2700563387526502
A	1.410338280724592	0.19437242545692468
A	0.5070635575177544	1.2348591671425686
A	-0.09482980305728894	0.042709853092894434
A	2.2906747042950575	0.4514679448201401
A	0.09214690253727087	0.36654449630086705
A	1.5180124830534854	1.4365644304048428
A	2.541104524311696	2.971507996597917
A	0.24070721929758965	0.9758056044781844
A	1.6118399652824804	1.440553720541323
A	1.6184647296847041	0.25031012449176715
A	-0.5973294560166984	3.3079008020248
A	2.017636652942745	0.06719368543067017
A	1.5009463409747368	0.7494581855838469
A	1.5570967092437853	1.097918725700505
A	0.22003436216332584	1.2523417528083163
A	0.8665853409687411	0.40046432590947767
A	0.09282513898869238	1.2748174595256334
A	1.6652032928041631	0.596997586126446
A	-0.008920414631776286	0.3898947860249089
A	-1.6621209061693518	-1.055493727704527
A	0.7011707581737926	0.36671218880942413
A	0.3293718195605154	1.6215883496654384
A	-0.1289787532932214	1.5519000119778368
A	0.748196328920776	1.9339877913565346
A	2.1700840982426963	-0.6909222429926918
A	0.4106288804521584	2.436089935146361
A	1.5686003371471333	1.9562430845090089
A	0.9565342321830371	-0.4672638154424791
A	1.2449049740546827	0.9108509902400703
A	0.22351321296228677	0.6565467532380425
A	1.1291740995428017	0.1254897153968363
A	1.8413907170258015	-0.07709845881967503
A	2.6476637289594205	1.7001388664275003
A	0.9949173535874509	0.45259436555406174
A	0.7749624549465557	-0.16619513315565992
A	-1.2797919136518714	-1.5320043521634674
A	0.4763872653006608	-0.6228082891778768
A	-0.3529383396099448	0.9391007371924107
A	0.129845828758279	2.086392191634485
A	-0.5249842598130288	1.7972656414980075
A	1.2628525037491785	-0.4708565665865585
A	1.1666738570194997	1.486170170490171
A	1.8284556668537966	0.19629854107580746
A	1.9813541759938635	1.2997048612475455
A	1.8293794507946073	-1.3650663180303777
A	-0.1202314852182047	0.43634614586766585
A	1.0514089581921067	2.264269367561772
A	1.0392469205313877	1.2226339225555236
A	0.16394071180093783	2.832519330599939
A	1.6323773657025886	1.8718088464043174
A	1.945541584903336	0.4080898129926489
A	1.21551633615959	1.0806885343664054
A	0.4108987533180646	3.75793713290166
A	-0.16239805485015002	1.7389034058860657
A	1.2602115021821427	-0.9416860240785105
A	1.1862435452764897	0.14780475606947563
A	0.7154093475391761	-0.06706345373029765
A	0.4152284304211361	0.6930338013742425
A	0.8368024570741632	0.580976341533264
A	2.7586194086937823	1.4080259855245965
A	0.9748465838054965	-0.34713681633667504
A	0.1489124013078077	0.9154561161841243
A	-1.5611509649739657	0.11254181081469627
A	1.593908964075346	1.7196805586750492
A	0.527161240907535	1.2813523479933964
A	1.01666957847998	2.2410678969754967
A	-0.11113442151514197	0.5987192304786443
A	1.3350599676764494	0.5970127704881512
A	0.7198814207055794	0.7894107307940952
A	1.6311297214601277	0.82297477553814
A	-1.0069508711516004	0.5854638570924056
A	2.2039938783748063	2.0623782375421253
A	0.45874270584707544	1.402725302111186
A	3.8685931734464476	2.772903841764466
A	2.40846901251206	-0.018720907822376898
A	1.2921432561364044	3.773217349271201
A	0.39184606111218045	2.7159382331960913
A	-0.3077853070819858	2.007403177981529
A	0.9156852528387358	1.373936574763891
A	0.4401395730016393	0.6448904046259263
A	1.3057644509475757	0.4193894023253588
A	0.3840363612838995	1.1678398457443482
A	0.8253864765025172	2.886320010228037
A	1.3621630155723368	0.886457925048015
A	1.8108127609824103	1.382586610667616
A	-0.27451691298308223	1.2834219778844895
A	1.4967134390078751	-1.0198702739870842
A	1.5068726444241798	2.562636068084374
A	0.8932880709178166	-0.8710532919209528
A	0.28701814655682845	1.6658075350314219
A	0.2138373037323087	2.067820585951222
A	1.6093060396448085	0.08887144101966049
A	0.9013250836483929	0.22234994679013886
A	-0.29091333569164957	0.20178806358316947
A	2.3633100393535234	-0.9082858782852756
A	-0.12012223112224629	1.6229298137241566
A	0.6079592489374981	1.5707744404659056
A	2.470711525304446	1.333230742621337
A	1.5136626331602876	-0.31243831146963386
A	1.359477921221616	1.061241881246446
A	-0.283349043057334	1.0095918801982078
A	0.825367995080029	1.5271482081501153
A	-1.6604123702272293	1.7281208163860302
A	1.0330843898201731	2.094249175146678
A	2.6383604938881455	-0.9826497040643674
A	0.8749105073346501	0.4911896191825269
A	-0.3832577320987467	0.1788434854479236
A	2.0076828825117023	-1.2206218622906535
A	1.7877203601749407	2.4538454540089143
A	2.811971406210303	0.34805139752200176
A	1.9301175670716144	3.2410794243405174
A	0.38208333783857096	0.144875225676119
A	1.4762117751013042	0.7643240618153893
A	2.211102524179402	1.0166183838445033
A	0.5022058464004917	-1.004710620833464
A	1.0366960522885562	0.5503403103739282
A	1.014444975199544	1.232854573932273
A	1.4851871715277931	3.0123422126655397
A	0.18438823767470203	1.186592625625691
A	2.389026934542391	0.18715124708317732
A	1.9629854245566962	1.022919920244781
A	0.7959762228388757	2.5087333142046413
A	-0.11758613129399742	1.8090631062037583
A	0.1919200588199078	1.4885642864820439
A	1.831318794552092	2.0860333036529406
A	0.5494934149941468	0.9325788997252783
A	0.4993734645300706	1.6921507616004565
A	1.1296978907612565	0.44825146829822793
A	0.4393536299027503	2.4176548437073384
A	0.3417773659454648	1.607016189999889
A	0.28298874839970956	1.303734835986251
A	0.8971203254349205	-1.3051713461153178
A	0.06363197848302238	0.09321560644888427
A	-0.8821601907595242	0.06343340553948285
A	2.3908553413186446	0.4263618596280673
A	1.1804882980032931	1.2027371546321148
A	0.37446488136966305	-0.5623443500634846
A	0.08285441980240571	0.5375413363403074
A	0.4561557741383444	2.187903865471892
A	1.3884305372188002	0.48509495596039254
A	0.8855264463653311	0.6068513510962603
A	1.2810617503944695	0.9594623165939704
A	0.15042373584853186	2.4581939403734747
A	3.2389714110057684	1.0959286589284523
A	1.650279915642122	1.2760671372616867
A	2.5560513268629625	0.06334458651781416
A	1.004813656219658	0.6216374992484857
A	0.08001158936883801	-0.037345150878767885
A	2.000719324513665	1.3715167862180686
A	0.6503819097377318	-0.6756624196079688
A	0.8732404237980568	0.9236107011647091
A	0.6667573279944161	-0.3014505712987148
A	0.6141108613796737	1.388387054313777
A	2.170304378778128	-0.38491494453705233
A	-1.7492604121754631	0.10265462801491854
A	2.484913535403381	2.1379470245036285
A	0.6083136171851127	2.018158088755846
A	2.5472879764749075	1.4458217971373277
A	1.102608340028083	0.284666204733129
A	1.4530521957686393	-1.083686340394281
A	1.0482352378787625	0.20530633765632
A	0.38307531538453254	2.4200876693765947
A	1.3240918772643728	1.1531964552533345
A	0.5105007148253955	0.8502174575113693
A	1.8704964036983847	0.49719714135312165
A	0.6191449976907544	0.3409547507625902
A	-1.109677296489334	0.8910506020400019
A	1.8730972428065944	0.8403710551020619
A	-0.47986973698673574	1.9575232131136935
A	2.5412479476546155	0.440203838848239
A	1.2777871760657185	2.3196163208783833
A	0.7287959629546545	1.2131206609771323
A	-0.7291710947361016	0.6778127893462172
A	0.3479712991852951	1.7120141822658224
A	0.6714328403485106	1.5244745169335383
A	1.7161644008837187	0.7892787777519543
A	0.0005050104920651943	0.7443460396864543
A	2.2155979112567272	1.331988449520745
A	2.1612762535188255	1.552473564734238
A	0.6934453707139254	1.791856710605996
A	1.6479213948144373	1.071565446100532
A	-0.5547794485278335	1.2577606032567887
A	2.022280270463467	0.7926321917863576
A	1.1469552436795363	-0.8025013215169303
A	1.837666131088913	1.3703472703287676
A	0.099865745976213	-0.5657690339864576
A	0.17587402586387968	0.08002994286578924
A	1.083336503303876	0.7352359892796246
A	2.5450904469292155	0.37990199672131997
A	0.5599162793746115	1.0985643004512313
A	0.8454321077742224	2.002315214390336
A	1.3796335139892866	1.5950945866381145
A	3.1152978013426176	-0.12252078689754509
A	0.979300149814509	0.45497457778417094
A	1.8701815961706454	1.1268851861556892
A	-0.3941074523135566	0.4561957081490361
A	1.6631519378822888	1.6284859111276384
A	0.9132748508213676	-0.9382945832858152
A	1.6566364495641157	0.6545186512787607
A	-0.8516358902322645	-0.4510009139545461
A	1.0025678341520625	-0.3197708016100822
A	0.6367598041928134	1.8925510238563512
A	-0.7358242889859294	2.181693030487751
A	0.451215401478262	0.5256961235495934
A	2.4420751812046086	1.2156730154495952
A	1.3459654119108049	1.521512929099368
A	1.9466610254895178	1.6683120354733434
A	2.049457136788226	0.9085448075730003
A	0.2757971768311258	0.6871148038641564
A	0.5685312882737736	0.9277723489585292
A	0.436994870378278	0.42216054357977606
A	0.4094406626209608	1.575329135955357
A	1.3645953309571315	2.062470731406485
A	0.5153143483095054	-0.0027656299603506795
A	0.7591719669571044	1.0929121152289867
A	1.1712356906856969	1.6479118248481432
A	0.7458068444008029	-0.4369779360704449
A	-0.480717507987825	1.8235293576643707
A	0.5852090198462829	1.6307427218600696
A	1.2844079396497947	0.5779358912564152
A	2.335325672833904	-0.19981025479825876
A	2.2124346813550924	1.3995324550750332
A	0.12356747887294095	1.8831330882803994
A	0.6764141042557879	2.2864623610278545
A	3.073434710848371	3.4466725607484676
A	-1.2947416244964094	2.0710767483070924
A	0.23173041439583897	0.27262986051363225
A	1.1934640820030844	2.289488656614891
A	1.5208003406756025	2.2694448476567346
A	2.570689192229322	1.1814074056835921
A	-0.02397310795804919	1.574601259472455
A	0.6668408589083434	0.8936717178591949
A	1.7603374933664113	1.700450708634819
A	1.0978102603111017	2.077273555250465
A	1.7794128334744803	1.3606908350877565
A	0.24223130835891638	0.9933096298462811
A	2.031908652673562	2.173669965241987
A	1.3987454540479685	0.007152059020840484
A	-0.1447068635973492	0.9412884143220424
A	0.26072194214288114	1.49031717862956
A	1.2681507626716106	0.4448418679381032
A	0.8946899601299381	1.0391922248800822
A	1.6017917827102086	0.810545779790732
A	1.0495932441586642	1.3525296660332264
A	1.6856131309835192	0.7120298340851741
A	1.0438781487898499	-0.6514662424332789
A	1.7999153111651978	-0.11718882956377796
A	1.5392404735315584	1.8273598571895453
A	0.5804260449050287	1.256649027979003
A	1.0670464822542058	2.0004098228180434
A	3.3037106939427896	1.2064639223556033
A	0.37206190687278273	0.13256636227363827
A	1.8908188609266827	1.8495256948679635
A	0.9567545373727372	1.5007597798063186
A	0.6896477534314018	-0.9555113468425895
A	0.2849318797889111	2.0885902078502845
A	0.9779685569411365	3.0874335768843153
A	1.643949412524313	0.4414378905324059
A	1.1937095858114368	0.7671291238293283
A	0.40649691227183626	0.816149336556792
A	1.5256419152901508	0.829653302532589
A	1.6951424564432958	1.164471017673533
A	0.44026262567668994	1.2186030373725107
A	-0.9020651294061441	0.8196855314090936
A	0.3033171518432237	2.4719034607293686
A	1.1481019385212101	0.4705616706279454
A	0.3714908458117495	1.5191716100957933
A	3.521264930740738	2.215586262002458
A	1.9379054357235217	2.8216276357931127
A	0.927133588010687	0.8096135303441312
A	2.5707029769902134	1.5529108040984605
A	0.5431652827120222	2.0190865142946364
A	0.760060009869306	1.7440433237563826
A	0.19852454020371646	1.9097325860038292
A	0.4941926643750212	-0.27544804525493305
A	3.527627998359956	1.7186004032432152
A	-0.9209703104656706	2.7922653209539035
A	-0.057241591962919225	0.6109636914067447
A	0.422536947978999	1.3438068134120074
A	-0.933882268553363	-0.8101325420710164
A	2.6202391097405675	0.884446304374775
A	0.24476950835522415	2.6815682618605114
A	0.7968561076116732	0.6289760902784229
A	0.10743939701754668	1.8790258477325639
A	-0.1016055854933815	1.0322926350577353
A	0.9556699048636256	1.7734682709878635
A	0.5304930505992653	0.3362499661841387
A	0.9091537912527422	2.027233528793804
A	1.5872638529565708	1.3096801106276172
A	1.021118781927771	2.7757963760981736
A	-0.23611081487233943	1.5632353144780513
A	0.31425018824583373	0.2861771719951529
A	2.5142677569246796	2.0546253213401036
A	1.1547148994957541	0.8122060203092341
A	1.6403414783165688	1.6415334389922935
A	1.2360934975152462	3.2486085301797916
A	1.8220082519778782	0.8431978918846821
A	0.9752622705795418	1.2047422966571908
A	0.5212076671278938	0.27772553663399757
A	1.4988979316424507	2.097512214634951
A	-1.5371727830264295	-0.27653108355886635
A	0.6034239443016416	1.4293066949240179
A	2.510812406216165	0.8477674257015986
A	0.6938638161987061	1.7964994687488596
A	2.0680475849056537	0.8471566017178356
A	0.45178242393155066	0.8279287484633986
A	-0.10316992928305613	0.8728296934634063
A	0.9334831274724522	1.2553108969332503
A	2.278084462322475	1.6415486823460783
A	1.2181379761698876	0.8571545324746592
A	1.560440113004639	0.24726198176710867
A	-0.7292481636551231	1.1295332693048108
A	1.342653837187377	2.1767776408580115
A	0.974414597633768	1.2518454638205654
A	1.466097214778324	1.0367761965765117
A	2.143004296235106	1.5648557756078536
A	1.901143877269459	1.6880304962487873
A	1.916208331377507	-1.0103568289062728
A	-1.5518488361864495	1.9476126788400385
A	2.59718701352489	0.08529955893295604
A	0.6769127845550864	2.4469370284337817
A	-0.7277151042399388	1.6543182635041664
A	1.972860633472124	0.1721588150688319
A	0.7407903284752521	0.17582047691029434
A	2.3324005229508122	-0.5527202137543812
A	1.3598253165555774	0.32056691203582566
A	2.4005984476310678	1.4344556644574358
A	1.7066689692669317	2.4494537186902248
A	2.7301535191437116	1.0180666560592084
A	-0.09465528429757053	-0.20641962883421283
A	1.0373592207241902	2.367460301091082
A	1.6637172733876004	1.1278626694684104
A	1.5148059433849514	1.2616744490356404
A	1.129813798614876	1.1170082272012496
A	1.442190405848559	0.24370104499797007
A	1.0818312803981462	-0.5099844696744744
A	1.5445686811172799	0.5374756682692887
A	0.44896980070496784	2.229114468069099
A	1.5639901763706616	0.2727877933809236
A	1.2491237314263905	0.6320523494589805
A	1.121872485546176	-0.5105037627764202
A	-0.6501642076170666	0.968325765779068
A	0.9373396106632663	2.585312432007142
A	-0.36152499322385045	-0.4853531905451287
A	0.6211909256880102	1.1878595338496702
A	1.1953872408804878	0.792560323924316
A	0.9478896125502109	0.28216767519050645
A	1.8468823488857888	0.815902723204096
A	1.6639665333224818	0.7477329596785983
A	-1.1086026740216282	1.4149598974165478
A	0.6452790834741418	-0.7532540119515314
A	0.026071203704561285	1.5905495242415078
A	1.7541912591587954	0.10605200589699082
A	1.0134538208709798	0.6517518266142028
A	2.3485832308723245	0.6816815564847629
A	1.7188657257275242	2.2399593435259115
A	1.9139615954246112	1.5579696642944956
A	1.0391874195843567	1.1175183231494648
A	1.944571429393622	1.1389670830892071
A	1.3011219603464226	-0.314331360184154
A	-0.2802418952196153	1.1718246205995633
A	1.740351006943948	0.4745098827975679
A	1.5600328601748732	0.7740503214690305
A	2.414252161541392	1.2212071625595686
A	1.659108817171657	-0.27929341997977164
A	0.30107633200403106	1.4362720090112515
A	0.33979427831806985	1.6743069555252483
A	1.571503832865477	0.046492469152039195
A	2.5890298835760857	1.7968070515328947
A	-1.096937317614561	0.6119640681730922
A	0.19062754077748645	4.017275355316704
A	-1.2511660960634226	0.21738570233557697
A	0.42369590737284957	1.4364700393155858
A	-0.5182803881103775	1.4338559160348203
A	0.4249780493623466	3.2603315620939206
A	2.8352721183121994	1.2402820407591144
A	1.1395079806962374	2.170560946928295
A	3.3220414958845397	1.1237278738049108
A	0.9200213624173333	0.6898390888330596
A	1.6947484223910187	-0.6684480292086921
A	1.1751898319180607	0.4827683529283807
A	2.077383236246482	1.6153536009279477
A	2.097457999481622	2.746711790265112
A	0.7222486304361968	1.8513659330947392
A	0.8229323461621785	0.05583741938333664
A	0.7030581447516789	1.8606368241501086
A	0.685104997414264	-0.9735681949340724
A	0.638259701737691	1.5810125947041858
A	1.8925958160210774	1.3613303125949916
B	3.6095373168616907	4.021379710246351
B	6.829311342555991	4.545390132948519
B	3.9412602030465504	4.69598231575481
B	3.60791732933528	5.497805200017497
B	2.1385094224950913	4.09727717290853
B	1.8816415820477914	5.916375242485418
B	5.68881805843847	1.9145199867827967
B	2.728903504228785	5.976905157951046
B	2.1692338775842277	5.801045356316855
B	7.405886692076148	0.8031536048200545
B	3.025593899674156	2.5508302073652973
B	1.1340419152740062	6.934153557482574
B	5.409355060425906	4.000317414567054
B	0.8105225123357052	4.535469801487404
B	1.2188623990072092	5.469686948940473
B	5.95237813776512	0.8842399760570419
B	5.4998867857626195	1.6654412456481325
B	3.5066550831066436	3.285436970727684
B	4.589091735406079	3.8986669909743656
B	2.6514465090436836	4.8812695193757145
B	4.976526432281961	3.8001218208574636
B	6.113979291231408	3.2297786855960195
B	3.540785777299945	5.126324976140115
B	2.4740412954036364	4.664069687632712
B	-0.04877060020690571	6.6680708624111364
B	1.7647087771628147	6.161498937373551
B	5.285758736903777	1.874638118327855
B	3.786317359929064	4.606734748431313
B	4.779113907136595	2.5997621558674053
B	4.234311980085434	5.842496160670022
B	0.5001012299823802	6.829503962273943
B	4.6356992067961675	4.099610962274408
B	4.254599005370057	4.897330263378706
B	4.595876950024698	4.304454588542899
B	1.940662688101627	6.618279018725961
B	8.057093148696975	0.11270456089899294
B	2.1157706718321645	4.026940061506528
B	3.0519787761129984	3.78376231776732
B	4.110015436362063	2.394616890165654
B	3.9240755044448035	5.8756461220760166
B	3.1469790646397504	2.969430866601925
B	5.559341659493538	0.7277904036788083
B	5.22164658683856	3.100130810452434
B	1.212275680430277	5.878730007126732
B	5.7919467442293	2.274719175180908
B	3.028273479015672	2.685385317710219
B	-0.19442078612256974	10.700029192674299
B	1.1246250664526252	5.38036679148243
B	6.041870466988974	0.6401633538441294
B	7.0195513095234325	2.4844437110767252
B	3.04161872775075	2.6859700371779867
B	3.5593096334975227	6.421335214891261
B	4.304179425775622	2.467646628163654
B	3.086629688194466	7.531779837643389
B	3.8857574035679745	2.858615368368917
B	1.2211445030737589	9.680507853368585
B	1.591851348423881	6.673477750080287
B	0.6479770787498378	3.7834192288751267
B	4.217540076207327	1.7669521270978108
B	4.654277958760059	6.006971338811448
B	5.702992939187882	1.3779474195556656
B	0.608243327007894	5.630901446036379
B	2.0056749941263607	5.031810433146601
B	2.1217719916627793	5.018473786444069
B	6.507326118197998	0.05689572798907383
B	3.5649173994678747	4.843863381577215
B	5.032142843015642	2.4139419411629723
B	3.4474120496277547	4.775870853568741
B	3.0895933549356416	2.6081362571793956
B	2.0520869296937465	6.290444417461473
B	3.3884076637493843	2.121834211593267
B	1.1645271836886777	6.985564094544583
B	7.4311930076997355	2.0443127571390383
B	5.237066463990118	3.3664826778589934
B	5.095783739373766	4.454353004239153
B	6.705896244498143	0.94364475712355
B	4.152684379453842	3.850111875249901
B	1.5847539423889803	9.61341687229898
B	4.217199177174531	3.221511330802787
B	3.036967243020543	3.7464432280704636
B	5.164487859172041	1.08653449580126
B	4.557139036072212	3.952268436621599
B	4.7824972756264446	3.336994473029167
B	2.9488651911776294	7.324349724673311
B	6.115484326212229	2.2604675593083283
B	6.82472379931874	3.972220128263915
B	1.9179206519885885	3.643031950924115
B	6.7255369821548125	-2.2471588936822293
B	5.0130488891605784	3.47269892545813
B	1.6777347811621004	3.330838915382971
B	2.8860405716806974	7.121309846396235
B	4.367442102266753	3.287745997535369
B	-1.0504868544643085	12.473066647337605
B	2.0057588674999556	6.24196563535687
B	2.5413718223155346	2.7425334647979778
B	0.19003579135536386	8.168286751774428
B	6.878446712367161	1.217146822755938
B	2.2514271848427545	7.7333177784295035
B	8.150208913360483	-1.291239571514085
B	1.4381118336503644	4.535235530072811
B	3.2423748581059653	4.716012668582232
B	6.671245125116521	1.3958303052929613
B	-0.7117071438504441	7.822402109360878
B	6.6848494730661425	0.16145223150021204
B	1.2393134304569626	8.75663131837208
B	7.444759467877917	-2.53203807140053
B	3.273658662500352	6.362923248360687
B	5.511957643667499	3.00596738860995
B	6.467149289498698	2.176619937839117
B	2.205874514055568	4.7007908945917904
B	1.785261717254265	6.1444367077119555
B	2.838262500186457	5.925390179834947
B	6.346373141017105	3.65128874289981
B	5.804581780833248	3.2682126709465686
B	6.82974673555096	2.3488958452756203
B	5.728750945922487	3.9971980517768997
B	1.577382747962234	6.108895023524963
B	1.8550596101510242	6.625670790610091
B	2.9102541900261834	4.037034861447943
B	3.816168830939504	3.1008027896139154
B	4.770638535934161	5.123418318167815
B	-0.16119715851472805	6.585060707717605
B	7.285804411186421	2.081335525759794
B	1.8203062344788532	5.663257822759084
B	4.91183139717323	3.2171768815463127
B	4.102466727521303	5.729113722972098
B	6.15859926675595	3.1336324503430406
B	8.856522187861387	0.13727044008739409
B	1.962694856433255	5.671470770795012
B	7.807513036170387	-1.4141707969461104
B	5.126665491725628	3.2813856589570145
B	4.700645124453471	5.106559553047406
B	3.0314753346597247	2.890739474384449
B	5.038464779923606	3.317358058472799
B	6.121761720553727	3.1774498527529333
B	1.7055016641674277	2.484971876635271
B	3.4180113554312888	6.504793094063698
B	3.834050710235389	6.678210137805099
B	1.2408569828774567	3.3675653563940884
B	6.4016484785582595	2.7978830532597865
B	4.675529420729367	7.105146454416777
B	5.477416329145352	7.010160360663349
B	2.8869142879438443	6.407559869152939
B	-1.3403051030392366	8.482007146144067
B	7.122674951559994	0.1656926846540534
B	5.485804110992767	3.2028637008119585
B	5.4870806679573425	1.9585593896093831
B	2.65864133135766	7.227843622946196
B	3.8548510145336805	3.382644663689017
B	3.9177637409151096	6.003927661548097
B	2.8173093521160846	4.906564303745377
B	6.3637222919414365	3.330931601798735
B	1.5805493544348344	6.363148632521682
B	5.9715591861935335	2.063882891452657
B	1.725207478768279	5.406776544702671
B	2.2341236354638907	4.680901305061553
B	2.3908614709807847	5.695685836100237
B	2.9586814420108927	2.881089050718664
B	4.0873248298457865	6.356119570019437
B	6.404128279796616	2.1585918409012246
B	3.7619008810953347	4.430971367744185
B	1.2502465543403822	6.170877572049419
B	6.134899197773281	-0.6611689341454303
B	3.5159537154776297	4.305897500140242
B	4.592770538616005	2.8904896095732475
B	6.678997217314051	0.8637788295794318
B	3.144853840080143	5.0502958068408415
B	6.140227375397037	0.5916745747217882
B	1.0744540446632773	6.961289381987234
B	4.765041843380832	2.9332582753635688
B	2.7497523434834976	3.7847553672161984
B	7.2117096079734	3.3070086444890388
B	4.070542035168145	6.27001054943278
B	4.2553036743209205	5.72064553019745
B	1.7319401148129305	5.119471092144554
B	0.27122883549311716	5.974748963716508
B	3.159578669982956	7.0205150534194125
B	6.669454880392946	2.7600029767801453
B	5.980843607927033	1.558481487187906
B	2.9408857188527993	6.225209168720358
B	6.326120300784535	0.923407316651879
B	7.950379237169721	1.8274697286330674
B	3.64637338458729	4.294561917350169
B	4.98005072929376	4.255571108932054
B	5.760162193062792	1.3329365226264942
B	3.5078361535903877	3.6545315880087217
B	0.5328964963495024	4.000440980964892
B	3.342199518614231	3.765098028837047
B	5.100405690023287	5.255928384385146
B	5.784837016087772	2.8090904851322427
B	1.3325475158901652	7.227231543825054
B	4.758940472935641	2.2827101864118533
B	7.083671316178278	2.5523138133735888
B	1.8292824381767132	7.731158436459466
B	4.700374850632038	-0.02860137321548617
B	5.440189634722917	3.0652676140531767
B	5.275488814568387	0.5145420812984609
B	6.525236419972833	1.5772070073762459
B	2.9976157774785963	5.669170596047414
B	5.5069242793647675	3.1436791835283104
B	11.041439402780256	-2.045008930590571
B	-0.7195113824475063	9.423302089465977
B	2.7450967792513463	5.508087077008634
B	4.6981245820941995	2.894694458353154
B	2.9595705578761544	5.337479838253941
B	2.5709620701516913	6.76910653634693
B	3.569855175727493	5.237557630899397
B	3.9358899345462715	5.20061883352359
B	3.80750126558086	4.977423711361402
B	6.6576685665223865	3.3224912570126457
B	-2.510012507123294	10.973892739355326
B	4.701847571217999	4.1530851992196585
B	1.4772589792947777	6.97994831381712
B	5.904382172236797	2.518840132312255
B	3.445219417534764	4.496495152162055
B	4.135629728040044	3.671964907158832
B	1.2698489578637568	5.24291585404543
B	9.493266793385192	-0.16092951076525353
B	4.843362073827205	6.384781748983306
B	5.322232069554834	3.856516248571226
B	3.4303993169799947	2.826378939238506
B	2.797078715925143	7.145724421215206
B	7.5161597801306055	-0.75233508478735
B	6.922726471821504	2.5987508310702476
B	4.554198306121079	4.65422142584587
B	5.5250450453977695	0.49443818091386493
B	4.634123110316151	3.6070366512856396
B	5.814811087192522	2.5837174133574314
B	1.8557903214383096	9.200708978615568
B	3.0605038757356766	1.948432017519726
B	4.086499403139485	2.4167991347251387
B	0.8749183863309389	7.841333612180913
B	3.8881844199780535	7.983499712332447
B	1.8840105388132073	3.4105106624605024
B	0.5733504320788083	5.987179657434307
B	1.630546148752539	2.9780619096466556
B	4.502251874214267	1.4518257392574818
B	4.164709583808144	1.9581569348925578
B	8.073252343907365	-1.1644908446055968
B	0.6909825284652262	6.607562777282241
B	5.150308860701181	6.3813051361638085
B	3.8380035948728266	3.9282890771076056
B	2.699231282064079	4.982486040139853
B	6.0852604817971905	2.361619218611721
B	-0.1574329314373788	8.45163050740203
B	2.611607035938113	5.472668370380345
B	5.473932268363339	2.409546418103126
B	2.610415170659466	4.545175396688672
B	7.023024475442616	3.8212821019327543
B	1.8084245651681723	4.589925243645828
B	4.453162615226086	1.3850308031262784
B	3.645089985813048	3.9219622238739102
B	-0.9813680515278937	8.996305329652388
B	2.905150114084633	4.376613269266835
B	7.5635217832354975	3.287202906861017
B	5.2902234962308885	2.154871956672774
B	5.662400363039738	2.8014983009995396
B	6.816269877508175	4.377584359033545
B	0.2427405802184932	7.338214980099284
B	4.907206156097559	2.9127237618992043
B	6.12656998806123	2.836897069242541
B	8.10478035849603	-0.4315196222283335
B	1.4804369710712786	4.607095954722017
B	5.402562397846431	3.4523038267278987
B	5.92091979884	1.18884950931557
B	2.4478802862668427	5.076962094680794
B	-3.131313875619269	6.3892542118046
B	2.2243395640192367	7.2655306264035335
B	5.455490484684615	4.700357260371675
B	3.792059018809626	3.277407918396011
B	4.344356813894828	2.7436857431635002
B	6.914948966986154	-0.798574479637761
B	5.079232926879792	4.4266555446962235
B	5.332463829671049	3.099696956947021
B	2.4420375929452334	7.062096462009926
B	4.538937190057372	3.612549117683545
B	4.629457372425541	3.30509758137188
B	8.014017547585178	-0.2592153162136306
B	1.4627120154184543	6.703623506613998
B	3.17245334272471	4.538663652079332
B	4.993047779095879	4.089955341291375
B	7.83548880305862	0.9852670723881589
B	5.111894280642984	2.4358799809020315
B	3.6407694773227597	3.6638721926495945
B	4.8331552667262105	3.1322151617542606
B	0.5385247648566729	9.453377469602582
B	3.9981244984545157	5.279426731890641
B	2.586773698314338	7.723031415793293
B	4.602017042884898	1.5182716106144936
B	4.605804733744449	2.7263421088522244
B	3.8663364281597667	4.684950704031381
B	5.360042603999127	1.813561673053286
B	-0.46414748092791225	8.377914518258013
B	5.342407267155057	1.8935073091398058
B	7.579607185358304	-0.0010569230392203366
B	2.414218229545205	2.282739124315699
B	4.508690566148951	5.7943156943722745
B	3.966833281878813	6.931781327849799
B	1.7277889625218945	5.447062032993979
B	1.9161215278306947	3.489327996979077
B	4.671670523363015	4.7322681645259745
B	3.85674817875334	3.6180786604469652
B	1.9320524629411375	5.622490830280425
B	4.6657268621129315	2.9200118647214985
B	3.6601115147417214	3.6738594721556943
B	3.815604331985985	5.467516353952874
B	7.637320232821746	0.8095418240179528
B	3.164102975919136	5.004307917589449
B	6.269931918408709	-0.22278066688807296
B	4.977155896312406	1.333158579033217
B	4.097449620800731	2.6974905815938737
B	7.245070050855759	0.33960231191459567
B	0.8229530487621357	8.408328946295022
B	-1.1491084499757989	4.671795485371709
B	2.481405146396218	4.107394207828031
B	5.070799394406976	3.5124008427827538
B	4.542423214741783	2.374500841891832
B	6.058369563508153	0.33281090164271987
B	5.205446984495865	2.00712574735154
B	5.88144055064965	2.8520072974974338
B	1.7965399861380327	5.62633178484812
B	7.07232643509384	1.379214231890233
B	1.273675576127284	8.721890750558025
B	1.4165926502576185	6.9799325883297225
B	8.746521203262821	1.8045531868143234
B	5.453042121081642	1.5583386692443737
B	6.098049810339122	0.6123150161142612
B	5.40453099134532	2.935882090587997
B	3.3816826234143083	3.5811937513423766
B	3.88204941822213	5.6672010309360665
B	5.893663303431218	4.148891633477751
B	6.980466382388755	2.4386602909521566
B	2.810303445150324	5.736529813599672
B	6.183448726453907	1.5336545417542298
B	4.636867430249509	2.650610687067497
B	-0.2599892541565829	9.666901152469489
B	0.21861801899446842	6.711922261786912
B	5.404278478628173	0.7578020274573576
B	6.285287406847315	1.5707826687740472
B	8.02689285365278	-0.5577848704482014
B	2.0324454138633943	7.194227560980549
B	3.9018658222770988	4.332285878645254
B	3.83047161259099	8.029369607030693
B	4.494616453221461	4.2486399223629565
B	3.482303873227889	6.009144825063556
B	1.910768968509168	4.827561446295321
B	8.717893758282319	-1.5794884990762714
B	4.338193251207248	5.18590137465704
B	5.973676187010881	4.1084292351497975
B	3.637397925304299	2.3423013444639587
B	6.233799024639623	3.3519298156388566
B	1.6896308839192704	4.103214872612685
B	3.492429488051266	5.311105419018804
B	4.863954509604715	3.4698439076811973
B	3.997072777479278	2.217714086724761
B	5.138842590743854	0.6306112091296749
B	4.043075720315716	3.2108464605056763
B	1.4394240521747488	6.7601631230859525
B	4.274163239807188	2.8702176370517556
B	2.1454251904736683	4.310052957827968
B	4.001044795815275	0.7664566006672504
B	3.718451712105151	4.489124594230748
B	4.725547614760251	5.174526961034303
B	5.687278244590297	2.873724214767363
B	1.4495979398794914	0.20614695799529592
B	1.667923225142963	6.2779725896093215
B	4.247505254901795	2.025723375652938
B	4.020664852747779	6.17121879203088
B	3.871663416993365	2.774661863113483
B	4.006680594602801	2.4654783703288423
B	5.6555069986483835	3.4524081186378703
B	2.585044425052294	3.877254488094805
B	3.3719466729206635	4.718670903504333
B	5.270204751470715	5.5596816336478705
B	2.8469288241646464	4.408603103550774
B	4.166157074672315	1.507802863606754
B	0.9408816730977518	5.3584247011198
B	9.002525947465584	1.223580715840947
B	4.995093032751307	5.490404833006152
B	4.518694771002168	4.47181484956381
B	6.983959010470906	-1.2975068962439558
B	4.427164852841719	6.67823592214863
B	2.848527266266856	6.927559198688449
B	4.5278207643926285	2.9023590865935436
B	1.4626129786818258	5.766851392431128
B	3.7626995409691513	3.427264452691371
B	3.6534531785736037	5.136619210591173
B	3.148797916548956	0.7416406854103066
B	0.6789876305413998	4.823810472957582
B	3.559713832554655	6.253448790978841
B	4.456088812815955	2.4004312156756065
B	-1.5368884186038763	9.22982398261193
B	4.627390471885701	0.762526291286667
B	1.4854560110788344	4.776808622081139
B	4.4938353812771	5.429672323652069
B	1.8154777885988205	3.880129780921547
B	4.894378963587596	0.35937939190155177
B	0.06686616223706432	7.658855151375013
B	1.1376096587342377	7.450707589685156
B	5.302100382570407	1.751192696132458
B	4.060127261837602	4.264424639631373
B	6.466720959767947	0.18552366787058316
B	6.934283913526193	0.9325710108656127
B	4.336555340422443	6.507199752600781
B	5.899412720824233	-0.06011109871593234
B	1.4782864695313735	6.65223058937336
B	4.637475512482184	5.287926663199102
B	2.64122633177092	3.8551553452721032
B	6.174047493444226	-0.04908062772018518
B	9.096287376889984	0.5416250950015238
B	3.109128696594077	4.446153922689835
B	5.000361351863949	0.40764214990325787
B	2.5484112762635407	2.2526520395325376
B	6.155577402190332	-2.0176494166578713
B	8.174425579408851	-0.7531001094454677
B	-1.0719867676944554	9.678209895112817
B	-1.7364026600868216	8.889091980855445
B	7.528567834108276	-1.8017469768838374
B	3.1507009417606757	2.9294084677541514
B	2.044379360305434	6.897067495853908
B	6.839105998262429	1.6844310638121418
B	5.4941153981784225	3.865435165707173
B	6.706024704795068	3.530608664875324
B	0.5643841357192256	6.786274509405413
B	1.0355625488690912	8.807227159489699
B	5.474461786826312	2.017380807857988
B	1.8515212747308984	2.161074722120582
B	0.4447363917675924	7.355301732867742
B	4.030169798609011	2.796651948342803
B	0.9374755594529565	8.278818680145346
B	2.6082167851032363	1.1063571726223955
B	1.5549793513410188	6.760124798539959
B	-2.575911253964006	12.101567256017779
B	3.386332772861052	3.9177083253908735
B	6.084648940634795	2.631127664744378
B	4.576198567566172	-0.8297091661744673
B	2.151371062939825	3.8362158593335995
B	5.192406715447938	2.21330574344515
B	0.6338553512426675	8.935271105055508
B	4.781213980434722	6.612552231718417
B	4.007697253244082	6.38744778023366
B	8.097988200745297	1.5893233540918992
B	7.45591016303886	-1.053385938740714
B	0.8398109034145467	9.620970565190163
B	7.137278472855083	2.0244630489803503
B	0.07225559828776573	7.885118162289835
B	4.352541131773546	2.7089252907543453
B	6.0194314578375225	2.47696742844209
B	8.133483748019842	-3.9655034644123743
B	6.264233140688536	0.37706093801943164
B	3.8840599038300954	4.366052541649238
B	-1.6020972377823233	8.180624744114484
B	3.884321336696802	3.353561897941875
B	2.833567811999732	3.0588659369685134
B	8.669432224420294	-1.3406587346207548
B	4.127222638763542	2.7636933527732217
B	4.032088923035086	5.142678194046196
B	3.2629755187749847	2.595209534658776
B	4.86487378147203	2.94342073476414
B	5.77623441280347	-0.018339005190507685
B	5.101860630792427	2.681511663046156
B	-0.1732997596559036	7.233001452767402
B	5.985094448181741	1.5290412817439702
B	8.662264481611095	-0.6470537850593967
B	5.360810734768413	3.065026970210104
B	7.469054709409405	1.6061802606809885
B	7.8696845219951275	0.006979710644971604
B	4.938748741805985	5.491363587740331
B	1.6502008763758553	5.794306435023998
B	2.741318140424025	6.504146428588192
B	1.7537742267382548	4.641494016273467
B	0.9982930504335044	7.261330486105718
B	4.315583854300542	2.871129675284016
B	4.1406941210929595	4.549994777473809
B	3.763646162766631	4.908364728133143
B	5.423671736444137	3.1196984426818135
B	8.387192090342097	0.16630604564633833
B	3.275815659029086	5.4074471653664915
B	2.8498929550698593	4.080261043555906
B	4.360302073811912	6.075923880258262
B	8.4719216028044	-1.3156271935833015
B	3.20550760867266	6.623749840187646
B	6.394976850351027	2.5848665434515974
B	7.175416053324957	2.3946473413207596
B	2.3250813604771414	5.5604512035478395
B	1.9032461434083006	5.580087890890455
B	4.669267538943394	3.269214087550673
B	7.213312670661478	2.7834141486512527
B	5.319510874437937	2.2485158695085126
B	1.0265521128487611	5.852739641907488
B	6.630683549175279	1.2712164104347545
B	2.693876352217664	4.863551191206612
B	3.299845189553392	5.395486214313943
B	1.8635154030322916	5.506730392233572
B	2.2059762594392547	7.567661876036628
B	6.2784472270068274	2.4382386364466315
B	-0.8497596792007247	6.29957268147077
B	6.759716120982421	3.8267480839648216
B	7.607446783709826	3.453186807217335
B	3.2342309171725505	2.9388989115715356
B	7.098113093515865	-0.7113329951223566
B	5.051800544701041	3.486816167657205
B	1.5135977764308826	5.73450725139211
B	5.539218330071468	2.4628245920284066
B	4.166585627123158	6.042662978953528
B	-1.6645103458173978	7.855814160946586
B	4.029529474307951	2.716142254779966
B	6.044310532691339	2.0769998933321174
B	7.66486243953511	1.183241872390699
B	4.385788762917595	3.107524468885853
B	7.5025682367950575	-0.07899703216920351
B	3.5643873903561536	1.6305452083168817
B	2.270121507230934	4.329938295938922
B	3.391866119123367	2.9329471610721045
B	1.2302402057054014	6.097637184460744
B	4.165131795854162	4.003863200754001
B	3.2029547378440935	3.9187628066749545
B	5.449091028093254	2.5752975067972073
B	5.185752302196086	4.321722226704252
B	5.705765761614986	3.5546115159912075
B	4.493027187475587	6.208199906834402
B	5.591147293862523	1.6047062536988013
B	4.772148341629994	0.7624282144572501
B	3.9637845798563975	3.768381311629267
B	0.34824835379476315	5.205704319131243
B	4.287261330317887	5.256314835232739
B	2.1419916856112815	6.742631779974223
B	-0.7150081168133422	8.71036737519751
B	2.8547730051157654	3.80242892753179
B	5.483612165878105	6.4053802568893
B	4.534843137261978	2.474151167337003
B	4.407796864961373	2.7365764804671224
B	4.3787612859916685	5.557410962358545
B	1.5407857037317827	4.854028685613594
B	2.1320586556223757	5.65047341563709
B	6.103366915195227	2.966636690848818
B	-0.42936867705100124	9.461966843719608
B	1.1792346511551584	4.839871375875981
B	4.692295667406765	3.014351222786324
B	2.5468526549740735	1.9289552383219402
B	7.425319429859341	1.1649817235592241
B	4.713415532865255	3.833380625517486
B	-0.19381350322366764	8.243008669604745
B	0.21939797327244515	9.34014175000271
B	6.910374121182629	3.3464371407397406
B	3.297933402610501	5.691993724123367
B	3.865100225584625	5.509352133613391
B	3.1331275827991236	6.895505078950796
B	5.099841414463773	3.8592153103213747
B	3.3690248589808616	1.4526290612432913
B	1.2622987674037467	8.631793376976487
B	1.1572878636558075	5.185696238996591
B	2.420441810522946	3.7694793354133997
B	6.883476198384468	0.9765771834794728
B	7.841750800062947	0.37995019374056715
B	9.421290723681278	1.8133094306834794
B	3.8428752825389108	7.14141769769299
B	1.1231564089562016	8.370443333542717
B	7.021165756338755	3.6275584758457144
B	2.863389238581882	4.739832629953913
B	5.453060878220693	2.3734533533645013
B	5.953255454808922	2.3050359442385897
B	7.342222172927372	0.00975928875959875
B	0.98234839469285	7.825436512796814
B	5.970296207020471	3.950877472282407
B	1.3286520953490903	5.0077043387509255
B	1.4341253167956212	5.064093236371514
B	2.2156881110083875	3.386879064910765
B	3.7451317134139988	5.234896245251963
B	6.4229569008408305	-0.5093509520867094
B	6.629681497874711	-0.9445831445550041
B	0.6941404737584005	10.045667087036955
B	5.607299848872623	4.169316429721656
B	3.3474294850217614	-0.38386267647092787
B	0.43007711662361725	4.240955325952222
B	2.8712680262285306	1.8712529866671357
B	5.064888538526461	3.529620412416031
B	5.094423345423176	3.7250879821415883
B	0.32337603643540325	7.9397049036132294
B	4.461456571831323	3.4749128769808557
B	6.628842717543813	3.024242674899537
B	3.9148324985411365	7.162915573528643
B	-0.5602184638320402	8.1946638123754
B	2.8828899515826354	3.200339144673964
B	4.278699526960183	2.609043795783518
B	3.759114212723756	3.837825584208737
B	7.421635061073729	0.3670286707154804
B	0.5057398680878156	7.585087768101779
B	7.600836989399806	0.6364077945220719
B	8.360900404037615	2.2958879592579944
B	5.117074983296203	1.9783658427541608
B	5.295729964782002	0.6334564345159137
B	3.428376358026406	4.234951054937044
B	5.226301835125908	0.960234470370346
B	3.384228903733556	8.188306833620821
B	3.3081008746212652	3.3515905280384968
B	2.3977150648378336	3.363338287423148
B	4.374819412735748	2.9932515383085616
B	2.150887694537229	7.15251693885026
B	3.9638015163931275	0.26671244512557557
B	3.3420970232200147	3.5970268162793873
B	7.97650418126633	1.1292439746429204
B	1.8070043702229373	3.752471533478257
B	2.292197171421657	5.665283120304178
B	5.6873587480145025	1.0413549427762852
B	5.86497838141334	-0.4181922004628307
B	2.332120033310511	8.743296309306913
B	2.2823042286043256	6.258446369431326
B	2.222738846126296	4.499754576300193
B	5.6910027232939475	1.874597966828607
B	-0.5572469330189564	8.977482577276223
B	9.9391280968654	-2.400019871668448
B	3.166334872773966	8.961051343099637
B	3.6622566676653734	4.707164295996519
B	6.320088030529278	2.1150397279615722
B	1.0843574402915745	5.835503569361178
B	2.0513462306902412	4.562944983742449
B	-1.7685240257709482	10.25888582705408
B	7.646770521177331	2.7965451462918485
B	3.2238986301773886	4.523280277452872
B	3.5252322371317755	1.8889382758828894
B	3.8584120678810296	5.222594741071293
B	6.077810716141602	2.5963670404105965
B	4.080958282563361	4.3732186044136565
B	4.4605121371454866	2.0128582452641544
B	5.800786591480516	0.709127502161992
B	5.111825271393255	3.222935276667795
B	5.80622457773906	1.541197938702052
B	6.969696862012555	1.28206268050647
B	6.601611572347798	0.35338427564382346
B	3.7792059707300547	2.6786782482683105
B	6.7638489787140195	0.21502931015160254
B	-2.2582590794314212	9.484766495347547
B	2.7103544258518	6.711001488132348
B	3.725806717674875	4.182958539309311
B	6.371824894694523	2.061219112206576
B	-1.1844533269636246	8.364798613070569
B	4.2566775949372655	4.734532583738616
B	3.8595126985763955	5.300549718844671
B	0.14845399620997313	6.810628531014006
B	0.9933679836827278	7.219059965119067
B	4.16380646210171	5.767431042770093
B	-0.4314947216477725	8.734890083726508
B	-1.4568147532904412	11.972310108686571
B	4.125394260636666	5.82600658797664
B	3.4466605117067557	6.814283066529603
B	2.494656195420365	3.5828969788846408
B	4.889808201505514	2.7817423200797657
B	4.189618763702943	2.6603061574571316
B	8.003837199884174	3.436189951928089
B	3.9166999657171884	3.7460558968276687
B	4.038808493906213	3.7568252063155905
B	4.059307527285784	3.5728537913679705
B	3.8477448082628807	3.0724563069970627
B	4.918687001065957	5.0679900675961225
B	4.981305044605072	2.7928638010083624
B	1.18152346713258	5.632154784470526
B	3.233479114094113	4.519838967979467
B	5.2769406176719205	3.5035189103138262
B	4.861710789967512	7.599869547286593
B	6.249725682078714	3.2956410469099184
B	1.267769960299849	7.863633476700693
B	5.632349305867965	2.041912716985973
B	4.731734107096706	0.020015196854568984
B	2.4109467731684506	4.274374761246159
B	8.429788674728417	1.8108078632595195
B	3.2907115557267406	6.572612044251037
B	7.955165028994188	0.9650059745836375
B	4.540740156593863	3.5544651400705285
B	7.3936335374225575	2.2523463042641314
B	4.50449066990742	4.598713194892035
B	4.329544165960296	5.582829429884109
B	1.8573108285278996	4.581644102821669
B	2.9027872290593786	4.348361746955273
B	4.744120420588908	4.495945565449135
B	-0.9784999384056245	7.029013422442349
B	7.342610515934392	2.2131369396213914
B	4.702007579484622	2.5275593612245455
B	3.5784072218451155	3.325446729552848
B	4.308271776850218	5.082169972323357
B	2.8444932466755555	4.376835236786596
B	2.402033643700327	4.091880532047249
B	10.597223270197663	-3.384577721583846
B	0.4581175928951273	7.834542432681404
B	2.371845153477631	5.469369484802552
B	6.538874816057525	-0.31110348847702074
B	3.138139417969077	5.585736079033856
B	5.523000746330907	1.158761433442682
B	5.760262563459911	2.081895365458405
B	1.8617461213513526	7.08722241808028
B	7.868605198389504	-0.38268190954551606
B	3.891120853329813	3.9850661183298905
B	5.043562610915762	5.445723941176107
B	4.463928357198925	3.107793345976368
B	8.740686365576025	-1.4641081771416653
B	2.9215692039717243	6.848285797720355
B	7.109467887378607	1.5404090646353605
B	5.63110609391596	3.043283087614154
B	4.708602207553024	3.718079368707777
B	5.544789164127851	1.383720107941813
B	7.0552387268347765	0.46052674609473243
B	2.0792099147213188	4.016037056460327
B	1.5710791039320222	6.753482581287568
B	5.215792462228404	1.0395450522333998
B	5.701198602347613	1.7421682805761582
B	3.7866064212145116	7.890772961963343
B	4.832805153173226	3.841185627053944
B	4.356335420781434	5.8745827966856865
B	5.89956090122976	0.7867710021282583
B	0.5545373513166831	6.189866637552911
B	3.4001699924316187	1.091467219160493
B	0.4622855645764403	4.481080947543368
B	6.5592176448387	1.5211617877589987
B	5.926756252286889	3.402758107675885
B	6.301333003018934	-0.4248705669539037
B	2.9707851822090534	6.099276971563224
B	1.7438968700956985	6.221217303216132
B	3.7840390278183236	4.843441810954551
B	3.893075743518792	1.0983186673505099
B	5.258630828160045	1.9311741446749169
B	2.2075877543269216	3.5382921895360395
B	3.7698962961650655	6.130098441060335
B	3.5691532196922413	2.345717388023071
B	2.50375552490717	7.506304199034228
B	2.851955424691028	4.226726592482588
B	0.08883779244238532	6.844693687870765
B	1.4358670659758817	6.660409299267517
B	1.5814298436633973	7.3273073644270665
B	2.933850195143484	5.330584385091498
B	1.559432427342212	6.613653772419091
B	7.089618148237819	0.12503631360011314
B	4.634039446743491	6.179276321059439
B	5.261467775742858	4.646586414719572
B	5.516621601965379	2.7263444496510467
B	6.048656137080401	3.331210150885645
B	3.1094677809673157	5.919635986279198
B	4.429723367771211	3.525990645533778
B	-0.15191459294619225	9.628401771407706
B	0.8012595378928022	4.7717296376375815
B	4.169332877889006	4.04548359348589
B	2.503427708542326	5.1105485337741445
B	5.793957410805186	6.693793640658829
B	0.6068222471083446	10.368816508086024
B	2.4334141515548873	4.367949520770814
B	1.0049822530536487	6.5247152449659875
B	3.745944958875462	8.750766762405677
B	3.4038181502870555	5.673426527448472
B	4.880881098604481	6.190431527385387
B	6.635723004123172	1.7479830990826333
B	1.4055336332725274	7.161450486138431
B	4.175788419471007	5.8640339845903835
B	1.9972664395981576	5.673401673374081
B	7.095520479908945	1.6142429899196276
B	5.625824309373224	2.718942037637471
B	1.121259438340235	4.493556353733061
B	6.973471344190992	1.0614752837572627
B	-2.105457967190839	12.168546185397332
B	3.752019874283433	3.251808478716251
B	3.217341598384337	4.248041658177197
B	1.8115553709569459	6.411460751051307
B	4.887176593170042	2.2413083808770384
B	4.0233651516555815	4.054314581222333
B	5.690003073680087	2.8006796906819784
B	5.8411070017902755	3.6301283771903994
B	4.6575284887619315	4.151773527731016
B	2.4049201433127356	5.076677877019485
B	5.305255773262687	3.851625389764055
B	3.8292149505878896	3.399942864377887
B	5.664324494884303	6.695806640883461
B	3.12227859632927	5.91569240198365
B	5.887178485221927	1.174163258403829
B	6.851667050585304	-0.5834171866362281
B	1.9732469147784135	5.30371238978367
B	6.189556179448591	1.6883744599346389
B	7.6294599505984895	-1.6812411005185837
B	6.1092272532410945	0.3915050480853104
B	2.82354374918064	7.180432611474783
B	4.75432531000587	2.748746865934806
B	2.6212720747409897	7.41917665356888
B	6.201516740536555	1.6281132417353739
B	6.628452550119981	1.1214731657314538
B	4.5020139009392555	1.8365337735166123
B	4.333684502286146	4.341631864197974
B	6.909044526322429	0.2274252158043537
B	2.2738977439879986	5.810470348829642
B	2.028208316374346	5.101130740952121
B	5.1386391448267785	4.862603969172588
B	2.0317182022341616	7.018574353505743
B	6.220465284957148	3.8907999249805005
B	3.334583760671891	2.8392712981684642
B	4.499881840704179	3.56768311414684
B	4.593874500369939	3.5207834168898366
B	4.735305905068383	7.356576459578912
B	4.7590693464159335	4.534665471443311
B	3.0907955862373564	3.121396729633667
B	-2.6877727301503906	9.611370296037183
B	2.2870323255391583	6.880557330629456
B	3.0468463710945644	6.439025469703523
B	4.472829372534634	0.19203773283047942
B	-0.31092899048322575	9.782547704376732
B	5.702063339241599	3.432183747895966
B	5.9715484856678716	-3.362879086716947
B	5.222982391528894	1.1323158249924123
B	4.138709080147219	6.39830695526515
B	4.519929483583348	3.078639268354922
B	6.881373561753842	1.5348314857411616
B	3.7358497293306527	6.556405636100916
B	4.883590692724707	2.7436758560813344
B	5.490713630166258	4.5341446951715385
B	1.7164262989352124	5.139910220418614
B	3.73824830978958	5.080658156646854
B	8.828176149988995	0.5466882309615664
B	1.6763274620998176	5.384920734197131
B	2.610158906609441	6.035411804815849
B	7.724112645600398	0.7436411440927091
B	3.901859358218876	3.10392906208009
B	2.6253326192568194	4.0109718130329615
B	2.9086845716321093	7.779007175638979
B	3.2677972435092846	5.00427923146944
B	1.8511663748775629	7.630075598262577
B	1.546332611756796	4.866990201727363
B	5.576309692549655	0.9976251212506191
B	6.274272451779436	3.3491722682599634
B	4.2569241045108	5.5324874112602025
B	6.531796722971272	3.688353201164105
B	6.988474503205892	-1.313628361747571
B	6.389954889079703	1.1335061353204865
B	5.642177265004138	4.217161520028795
B	3.6778319462005986	2.8534853097621253
B	6.443733802453053	2.4148463643656344
B	4.046642103536142	5.000595761643325
B	4.57030272258791	2.363372160663392
B	3.0639770055443867	7.186603175484292
B	4.14036219190883	3.651079286522972
B	4.668081474896202	-0.053487626798908394
B	3.4144289395835488	4.785074951191575
B	3.0598973242773706	4.346248012478759
B	1.347869699473165	6.218035831023386
B	4.411529112187084	3.707379111925877
B	1.6019088018544267	5.578407837802091
B	3.649720527540554	6.546105725884059
B	5.355357168062202	4.080274688867465
B	2.357553981182409	6.2715070799757555
B	8.424117698091507	1.1905231547992092
B	1.766279019905797	7.373970086951694
B	4.698825583189889	1.0301222090694466
B	1.4900679175739788	6.903252601172902
B	4.9439746997502665	0.6392275036056061
B	7.900426333966747	1.1754574010941217
B	1.8898535529636478	6.839727818007425
B	6.487994167615029	5.270718252671488
B	4.096088494897643	2.301281773325012
B	2.6437320586743756	7.060928151086336
B	4.687192441824786	1.8201936326028285
B	3.314485931178656	3.6323700611050818
B	6.588012982072454	2.932926277242128
B	0.9964003671095241	6.411663558473798
B	-1.343357886369362	10.451846126930066
B	1.748001545401754	6.440912187090733
B	2.557765562937365	4.744124269741002
B	7.198351891232404	0.8907888162253754
B	10.949243470068073	-2.5263678227903315
B	3.701681826068497	5.658301416950373
B	1.317012951310712	3.674597997997604
B	3.9626458022627467	4.9222401394965285
B	3.615901318088329	2.4940009358948343
B	4.050517649795662	5.772642317532226
B	2.579866183055695	6.270493728062968
B	4.060621127292085	4.945353416777757
B	5.516535892063434	3.3677010835195884
B	5.107067104893677	4.026410038029775
B	3.422954688808942	4.988213324353643
B	5.2821517543616325	2.167968872697206
B	1.786673139755675	4.076584675449173
B	2.3359348407595726	4.4337502621766385
B	3.405439020058457	2.7275840214360056
B	5.22390356776574	3.6327205220180727
B	4.637354349037745	1.7378680576701084
B	5.741144298240169	-0.3050518397245199
B	2.5375436324020075	6.3863162079949625
B	3.7428575121093854	3.3065141594091108
B	5.389316679509914	5.524525564040562
B	1.4451797488689375	6.012836169850194
B	1.8302602895910267	6.0372312941853945
B	3.2388595403229914	5.503945237040182
B	3.706712294795764	4.6839083052354304
B	5.708413203670146	2.2217726236576123
B	2.6680647096613246	5.503540927423289
B	-0.03967450535265549	11.054811963345514
B	3.4209622957911208	4.986609023682133
B	0.8135424932461346	5.484928953271444
B	2.0665059285977203	7.1304562580718525
B	3.3245253987719803	5.083168721706216
B	6.343899457870791	1.7665788326699574
B	1.4742845790463015	6.556857102890391
B	6.0307836867206515	1.5820861868794616
B	2.2528601656556053	6.382033661827178
B	3.115467755016137	4.17185860164855
B	3.6920725175394997	2.4028069041047333
B	7.625527484903185	0.13922491711313878
B	2.5802397773284413	5.647758767465773
B	4.167167222373966	4.305886370956232
B	4.375108805446689	3.3841559732825504
B	8.256922310368777	0.7415416294262505
B	4.414099271588092	6.1779004057576685
B	2.2645458259633253	5.807448076576817
B	4.386304359194016	3.8958244876825585
B	6.011619575097405	4.875384848971056
B	3.704676373038111	4.347259072571087
B	3.638093545392368	0.8013334697156509
B	2.6532140056057782	5.976550307561031
B	1.555068930716883	5.774464867180944
B	7.038529815508255	0.8994853217251819
B	3.137171037455659	4.948797885068461
B	4.042430905590957	3.9888797536481
B	1.949159675122191	6.844302382845876
B	0.31204512731670153	7.36334255874386
B	6.10264934324724	1.0429778437987638
B	4.256948287477575	5.5735292806358085
B	6.531607547362347	3.970549632367532
B	2.6384552474182055	8.636042051590964
B	-4.593652312820424	8.755040345578188
B	2.897353811925119	7.527400672062721
B	7.049114617275716	1.7291937380992044
B	1.2863328544080423	6.892590666440086
B	3.2550213679898485	2.322099564939827
B	0.07873807252594966	4.60036968148066
B	0.061785441548089626	8.383472994796154
B	6.470590179713196	3.4816885449906527
B	5.689098110079135	2.2839989516818413
B	6.584398906942418	0.9313580307999021
B	4.187815157154292	0.23501077024345562
B	4.106797963120353	3.893408053023279
B	3.6778018491424613	2.277837263384649
B	0.07298571923659214	7.531547135096199
B	2.635022122200538	4.472505891390702
B	0.06763602677379676	7.703303876964769
B	6.301225899883386	0.8414679071374604
B	3.5708945609173224	4.547018999195271
B	3.5906235274825726	4.497225121598838
B	4.6525239775599765	3.106328525574089
B	4.697497679862894	3.4555037399434334
B	2.2335502874874535	6.92243193789349
B	5.787708275518478	2.5545294566086274
B	4.569367808088082	2.3151765910295645
B	3.431545250177785	6.505707394243753
B	4.902514670378837	1.4713690729132356
B	5.461772056322898	3.1759140217115016
B	4.859644887828697	5.768457920131692
B	2.137756949824478	4.243317933493816
B	2.295658362336413	4.867297494224338
B	2.934461082315423	4.362919160394859
B	-2.179796791682997	8.296946530831793
B	1.370976161602114	6.400891884086139
B	5.6090270085307825	3.7971540893246685
B	2.0593294182291957	7.576266224121992
B	5.8855729344993275	1.2386947230986216
B	6.46296678170274	2.761222759464013
B	4.11148558544822	8.444586467565248
B	3.7731704557805053	5.700624007401984
B	4.574469770334999	5.177082601067857
B	2.8770170140510833	5.233206673898991
B	4.807349229656789	1.7040410918347435
B	3.602501592322812	5.7398478769063175
B	1.3485713018101029	7.914765174798424
B	0.722742889929477	8.154267364568916
B	4.111379621350081	5.014185136357886
B	4.468287498057849	4.941583540970835
B	4.272007173081277	5.045705063556232
B	1.5945023306279564	6.17724980189811
B	5.320587744569031	5.095105088365851
B	0.010128154040933701	3.4812650447842644
B	5.365038361031113	4.398742477046135
B	4.567232896604681	2.801878421596477
B	6.686318765402671	3.964874929500969
B	2.0296611724814992	7.123516642500611
B	3.03174383244255	4.3961462767653705
B	2.6650174477221866	6.883052413056517
B	3.1526605487729578	3.3678823384614645
B	5.6445946733584	3.9730831928456127
B	1.9250959366144471	6.128266861380813
B	11.170737196669144	-2.664815015133005
B	3.9379859700281754	7.0347315590295665
B	1.5758819144244414	7.876822704833176
B	10.738201134154902	-1.803025603945759
B	4.132382233403643	2.5002853910143314
B	-1.5934359300139107	7.781211283362337
B	7.217479286869679	2.7687630351284613
B	2.421813857388979	3.9006491961781125
B	5.382650864355886	5.873381856388939
B	5.98007168843713	1.1248539150051027
B	2.918337092236478	7.486519907606977
B	4.499100004768258	3.9630590059571564
B	3.981044798397543	4.936454788784214
B	5.05355082258374	2.8241149030274357
B	4.639149623018872	3.5313434050685064
B	5.298220038300585	3.9580519803680474
B	5.848768291483023	2.86332158971273
B	3.841754101256684	3.595689565241959
B	1.9328490336901067	5.759554564849201
