B	  5.305256	  3.851625
A	  1.262637	  0.015580
A	  0.440263	  1.218603
B	  6.635723	  1.747983
B	  5.632349	  2.041913
B	  5.389317	  5.524526
A	  0.282112	 -1.944676
B	  4.468287	  4.941584
B	  6.269932	 -0.222781
B	  4.976526	  3.800122
B	  0.458118	  7.834542
A	 -0.946738	  2.415774
A	  0.943774	  0.172135
B	  6.973471	  1.061475
B	  2.665017	  6.883052
A	  1.129698	  0.448251
B	  4.652524	  3.106329
A	  0.774962	 -0.166195
A	  0.822932	  0.055837
A	 -0.923507	  1.213556
B	 -2.575911	 12.101567
A	  2.077383	  1.615354
B	 -1.184453	  8.364799
A	  1.660356	 -0.134177
B	  4.163806	  5.767431
B	  3.882049	  5.667201
A	  1.789681	  0.998836
B	  4.675529	  7.105146
B	  1.851521	  2.161075
B	  5.926756	  3.402758
A	 -0.426394	  0.772501
A	  0.300233	  1.133822
A	  1.916208	 -1.010357
A	 -0.338746	  1.791124
A	  0.406497	  0.816149
A	  2.442075	  1.215673
B	  6.343899	  1.766579
B	  5.302100	  1.751193
B	  7.469055	  1.606180
A	  1.840795	 -0.367517
A	  0.832132	  1.096581
B	  0.500101	  6.829504
A	  1.192867	  1.014789
B	  5.490714	  4.534145
B	  3.963802	  0.266712
A	  2.000483	  1.584037
B	  0.678988	  4.823810
B	  4.463928	  3.107793
B	  2.494656	  3.582897
B	  5.409355	  4.000317
A	  1.232386	  0.691160
A	 -0.016194	  2.695404
A	 -0.165132	 -0.455292
B	  3.854851	  3.382645
B	  6.109227	  0.391505
A	  0.605503	  3.343138
A	 -0.563191	  0.081786
A	 -0.671582	  1.368478
A	  1.443084	  2.472670
B	  6.301333	 -0.424871
B	  6.103367	  2.966637
A	  0.979300	  0.454975
B	  5.973676	  4.108429
A	  1.628898	  1.903373
B	  1.035563	  8.807227
A	  1.284408	  0.577936
B	  6.264233	  0.377061
B	  7.600837	  0.636408
B	  4.167167	  4.305886
B	  5.117075	  1.978366
A	  2.017637	  0.067194
A	  1.623758	 -0.081155
A	  1.712899	 -1.074852
A	 -0.063971	  0.492674
B	  1.332548	  7.227232
B	  0.532896	  4.000441
A	 -0.290148	 -0.499709
B	 -2.179797	  8.296947
B	  3.786606	  7.890773
B	  3.133128	  6.895505
A	  1.453052	 -1.083686
B	  3.109468	  5.919636
B	  4.111486	  8.444586
B	 -0.173300	  7.233001
A	  0.947890	  0.282168
B	  2.693876	  4.863551
A	  1.946661	  1.668312
B	  1.630546	  2.978062
B	  1.815478	  3.880130
B	  5.185752	  4.321722
A	  1.892596	  1.361330
A	  0.974847	 -0.347137
B	  7.516160	 -0.752335
A	 -0.012727	  1.948597
B	  6.988475	 -1.313628
A	 -0.828153	  0.721899
A	  1.013836	  1.191314
B	  5.664324	  6.695807
A	  1.873944	  1.501174
A	  1.237198	  0.528538
B	  4.333685	  4.341632
B	  7.869685	  0.006980
B	  3.418011	  6.504793
A	  0.632918	  0.272348
A	  2.388471	  1.392535
B	  7.579607	 -0.001057
A	  0.649825	  0.619389
A	 -0.480718	  1.823529
A	  1.552998	 -0.481676
A	  1.563990	  0.272788
A	  2.097058	  0.549055
A	  0.456156	  2.187904
B	  1.851166	  7.630076
B	  5.701199	  1.742168
A	 -1.064558	 -0.415050
B	  5.841107	  3.630128
A	  0.410899	  3.757937
B	  0.573350	  5.987180
A	  0.371491	  1.519172
B	  8.471922	 -1.315627
A	  1.107936	  0.269152
A	  0.554140	 -0.015839
A	  2.660774	  1.109371
A	  3.296965	 -1.845748
A	  0.994917	  0.452594
B	  4.165132	  4.003863
B	  3.893076	  1.098319
B	 -0.310929	  9.782548
A	  1.652573	 -1.278145
B	  1.884011	  3.410511
A	  0.816393	  1.864268
A	  0.416842	  2.023443
A	  0.100890	 -0.088042
A	  0.721256	  1.228893
A	  0.072932	  2.000764
B	  2.132059	  5.650473
A	  3.115298	 -0.122521
A	  0.250104	  0.911684
A	  1.637627	 -0.054578
A	  1.362250	  0.213217
B	  4.902515	  1.471369
B	  7.807513	 -1.414171
B	  5.360043	  1.813562
B	  2.997616	  5.669171
A	  1.359825	  0.320567
B	  4.038808	  3.756825
B	  5.576310	  0.997625
B	  7.425319	  1.164982
B	  4.883591	  2.743676
A	  1.217578	  3.052723
A	  1.660940	  1.241435
B	  2.651447	  4.881270
B	  1.811555	  6.411461
A	  2.153454	  0.249784
A	 -1.294742	  2.071077
A	  1.972861	  0.172159
B	  6.326120	  0.923407
B	  3.051979	  3.783762
A	  0.500744	  0.730924
A	 -0.446361	  1.955675
B	  1.705502	  2.484972
B	  4.023365	  4.054315
A	 -1.477034	  1.440858
B	  2.503428	  5.110549
B	  5.971548	 -3.362879
B	 -0.259989	  9.666901
B	  3.615901	  2.494001
A	  0.418533	  0.694817
A	  0.916736	  2.398179
B	  3.966833	  6.931781
A	  1.228851	  1.712805
B	  6.922726	  2.598751
A	 -0.851636	 -0.451001
A	  1.938684	  0.807117
A	  1.514806	  1.261674
B	  4.938749	  5.491364
A	  3.527628	  1.718600
B	  3.891121	  3.985066
B	  6.686319	  3.964875
B	  2.580240	  5.647759
B	  6.969697	  1.282063
A	  0.956534	 -0.467264
A	  0.639525	 -0.025698
A	  0.191920	  1.488564
A	  2.496079	  1.956702
B	  5.760263	  2.081895
B	  3.901866	  4.332286
A	  1.640341	  1.641533
B	  3.031744	  4.396146
B	  3.914832	  7.162916
B	  3.137171	  4.948798
A	  1.465935	  1.240221
A	  1.125268	  1.920207
B	  4.781214	  6.612552
A	  0.313531	  2.164817
A	  0.763542	  1.255952
A	  0.301076	  1.436272
B	  5.800787	  0.709128
A	  1.135965	 -0.856958
A	  1.398745	  0.007152
A	  1.083451	 -0.223163
B	  1.584754	  9.613417
A	  1.292143	  3.773217
A	  2.068048	  0.847157
A	  0.442342	  0.252028
B	  5.126665	  3.281386
B	  1.855060	  6.625671
A	  1.057881	  0.686702
A	 -0.050622	 -0.539778
B	  6.467149	  2.176620
A	 -0.452075	  1.877706
B	  4.135630	  3.671965
A	  1.197295	  1.180679
B	  2.282304	  6.258446
A	  2.939223	  2.271565
B	  2.079210	  4.016037
B	  5.804582	  3.268213
B	  2.215688	  3.386879
A	  0.585209	  1.630743
A	  3.073435	  3.446673
A	  1.175190	  0.482768
B	  0.271229	  5.974749
A	  0.099931	 -0.122264
B	  3.342097	  3.597027
A	  2.423324	  0.917922
B	  6.285287	  1.570783
B	  3.834051	  6.678210
B	  2.234124	  4.680901
A	  0.163941	  2.832519
B	  6.011620	  4.875385
B	  2.846929	  4.408603
B	  4.700375	 -0.028601
A	 -1.037418	 -0.722855
A	  0.374465	 -0.562344
A	 -0.902065	  0.819686
A	  0.439354	  2.417655
A	 -1.006951	  0.585464
A	  0.527161	  1.281352
B	  4.493835	  5.429672
A	  1.309443	  0.104815
A	  0.383075	  2.420088
B	  3.381683	  3.581194
A	  1.195387	  0.792560
B	  4.595877	  4.304455
B	  1.084357	  5.835504
A	  3.498816	 -0.966929
A	  1.186244	  0.147805
A	 -1.551849	  1.947613
B	  2.886914	  6.407560
A	 -1.279792	 -1.532004
B	  4.981305	  2.792864
B	  3.234231	  2.938899
A	  0.568149	 -0.068692
A	  0.132134	  2.187518
B	  6.629681	 -0.944583
B	 -1.149108	  4.671795
A	  0.963768	  0.187416
B	 10.738201	 -1.803026
B	  5.138639	  4.862604
B	  3.842875	  7.141418
B	  7.625527	  0.139225
A	  1.037359	  2.367460
A	  1.036073	  2.325300
A	  2.110204	  1.845523
B	  5.222982	  1.132316
B	 -0.161197	  6.585061
A	  1.484514	 -0.267355
A	  0.619145	  0.340955
B	  3.086630	  7.531780
B	  1.716426	  5.139910
B	  1.594502	  6.177250
A	  0.392704	 -0.148717
B	  3.607917	  5.497805
B	  5.342407	  1.893507
A	  0.891512	  2.552258
A	 -0.213891	  0.968382
A	  1.937905	  2.821628
B	  2.608217	  1.106357
B	  2.810303	  5.736530
A	  0.521208	  0.277726
B	  7.637320	  0.809542
A	  0.474002	  2.698463
B	  6.538875	 -0.311103
B	  7.405887	  0.803154
B	  3.935890	  5.200619
A	  1.601792	  0.810546
B	  2.044379	  6.897067
B	  2.745097	  5.508087
A	  1.846882	  0.815903
B	  6.909045	  0.227425
B	  2.233550	  6.922432
A	  1.067046	  2.000410
B	  6.705896	  0.943645
B	  8.746521	  1.804553
A	  1.169407	  1.712500
B	  2.121772	  5.018474
B	  3.391866	  2.932947
A	  0.845432	  2.002315
A	  1.609306	  0.088871
A	  1.787720	  2.453845
B	  4.255304	  5.720646
A	 -0.274517	  1.283422
A	 -0.808141	  0.453494
A	  2.741050	  1.329313
B	  2.138509	  4.097277
A	  1.870496	  0.497197
B	  4.637354	  1.737868
A	  2.400598	  1.434456
A	  2.294758	  0.673322
A	  0.692110	  2.161439
A	 -1.318734	  1.032458
B	  8.856522	  0.137270
A	  1.294212	  1.176301
B	  7.109468	  1.540409
A	 -0.290913	  0.201788
B	  6.346373	  3.651289
B	  4.980051	  4.255571
B	  4.132382	  2.500285
B	  7.455910	 -1.053386
A	  1.048235	  0.205306
B	  1.727789	  5.447062
A	  0.897120	 -1.305171
A	  1.379634	  1.595095
A	  1.783265	  1.555110
B	  2.854773	  3.802429
B	  2.059329	  7.576266
A	 -0.144707	  0.941288
A	  1.176103	  1.348600
B	 10.597223	 -3.384578
A	  1.215516	  1.080689
B	  6.669455	  2.760003
B	  5.276941	  3.503519
B	  4.634039	  6.179276
B	  7.055239	  0.460527
A	  1.173249	  3.318260
A	  0.937340	  2.585312
A	  1.994083	  1.621939
A	  0.559916	  1.098564
B	  3.916700	  3.746056
B	  1.262299	  8.631793
A	  1.134960	  1.695874
B	  5.487081	  1.958559
B	  7.072326	  1.379214
B	  1.439424	  6.760163
B	  6.983959	 -1.297507
B	  7.835489	  0.985267
B	  6.706025	  3.530609
B	  7.976504	  1.129244
B	  5.499887	  1.665441
B	  3.324525	  5.083169
B	  3.507836	  3.654532
B	  4.665727	  2.920012
B	  3.445219	  4.496495
A	  2.184043	 -0.431553
B	  2.442038	  7.062096
B	  4.499100	  3.963059
B	  1.808425	  4.589925
B	  0.694140	 10.045667
A	  2.617048	  0.401422
A	  0.748196	  1.933988
A	  2.005603	  1.866627
B	  3.981045	  4.936455
B	  2.863389	  4.739833
B	  6.881374	  1.534831
B	  3.859513	  5.300550
A	  1.740351	  0.474510
B	  3.706712	  4.683908
A	  2.029240	  1.667425
B	  7.421635	  0.367029
B	  3.769896	  6.130098
B	  1.962695	  5.671471
B	  5.806225	  1.541198
B	  9.421291	  1.813309
B	  6.189556	  1.688374
A	  1.036696	  0.550340
B	  7.900426	  1.175457
A	  0.627625	  1.512044
B	  3.089593	  2.608136
B	  3.430399	  2.826379
B	  2.371845	  5.469369
B	  5.690003	  2.800680
A	  2.335326	 -0.199810
B	  2.710354	  6.711001
B	  2.579866	  6.270494
B	  6.183449	  1.533655
A	  2.638360	 -0.982650
A	  1.224970	  2.056255
A	  0.339794	  1.674307
A	  2.211103	  1.016618
B	  4.993048	  4.089955
B	  4.669268	  3.269214
B	  6.628453	  1.121473
B	  4.504491	  4.598713
A	  0.368453	  1.495742
B	  2.877017	  5.233207
A	 -0.071517	  0.093713
A	  0.607959	  1.570774
A	  0.423696	  1.436470
A	  0.107439	  1.879026
B	  1.513598	  5.734507
B	  0.348248	  5.205704
A	  0.148912	  0.915456
A	  0.848052	  2.008487
B	  7.175416	  2.394647
A	  0.319734	 -0.677817
B	  3.866336	  4.684951
A	  1.106236	  0.825403
B	  1.286333	  6.892591
B	  2.537544	  6.386316
B	  5.644595	  3.973083
B	  5.864978	 -0.418192
B	  3.640769	  3.663872
A	  2.063684	  0.123432
B	  0.822953	  8.408329
B	  4.125394	  5.826007
A	  2.833567	  1.618641
A	  1.829508	  2.142650
B	  3.144854	  5.050296
A	  0.461369	  0.681594
B	  4.060621	  4.945353
A	  0.476387	 -0.622808
B	  4.338193	  5.185901
A	  0.125482	  1.405398
B	  0.010128	  3.481265
B	  4.256678	  4.734533
A	  1.906766	  1.444343
B	  2.970785	  6.099277
B	  8.057093	  0.112705
A	  1.689427	  0.370948
A	 -0.101606	  1.032293
A	 -0.157096	  1.994143
A	  1.255959	  1.920607
B	  4.097450	  2.697491
A	  1.355647	  0.591109
A	  0.874911	  0.491190
B	  4.217540	  1.766952
A	  1.891349	 -0.474566
A	  0.240153	  1.234574
B	  1.910769	  4.827561
B	  0.538525	  9.453377
B	  3.660112	  3.673859
A	  0.107447	  1.387875
B	  4.499882	  3.567683
B	  0.982348	  7.825437
B	  1.477259	  6.979948
A	  2.049457	  0.908545
A	  0.321800	 -1.999568
A	  1.051735	  0.519512
A	  0.303317	  2.471903
A	  1.016670	  2.241068
A	  1.019098	  3.006247
A	  0.825368	  1.527148
B	  4.731734	  0.020015
A	 -0.474733	  1.977948
B	  4.863955	  3.469844
B	  4.029529	  2.716142
B	  0.078738	  4.600370
B	  4.166586	  6.042663
A	  1.810863	 -0.546267
B	  1.250247	  6.170878
A	  1.799287	  0.590404
B	  6.829311	  4.545390
B	  5.461772	  3.175914
A	  0.663864	  2.881893
A	 -0.067424	  1.077764
A	  0.314250	  0.286177
A	  1.585077	  1.264354
A	  1.033084	  2.094249
A	  2.006310	  1.725664
A	  0.876183	  0.854525
B	  3.025594	  2.550830
A	  1.932575	  1.699401
B	  5.655507	  3.452408
B	  5.095784	  4.454353
A	  1.700146	  0.145340
A	 -0.143827	  0.517298
B	 -0.560218	  8.194664
A	  0.870695	  1.493225
A	  1.692908	 -2.052217
A	  0.373839	  0.454527
B	  1.764709	  6.161499
A	 -0.653663	 -0.245773
A	  1.329225	  0.647324
A	  0.571954	  3.127885
B	  5.402562	  3.452304
A	  0.507709	  2.635634
B	  4.164710	  1.958157
A	  0.054852	  1.798789
A	  3.243874	 -0.778822
A	  1.171236	  1.647912
A	  1.681994	  0.623791
A	  1.754191	  0.106052
B	  4.687192	  1.820194
B	  1.157288	  5.185696
A	  1.089245	 -0.050755
A	  1.255730	  0.628950
B	  2.150888	  7.152517
B	  5.893663	  4.148892
B	  3.677802	  2.277837
B	 -1.071987	  9.678210
B	  3.742858	  3.306514
A	  0.375155	  2.233220
B	  4.894379	  0.359379
B	  6.759716	  3.826748
A	  1.079743	  1.687237
B	  7.285804	  2.081336
B	  4.977156	  1.333159
A	 -0.882160	  0.063433
B	  3.725807	  4.182959
B	  6.126570	  2.836897
A	  1.049593	  1.352530
B	  2.886041	  7.121310
B	  3.602502	  5.739848
A	  0.444650	 -1.515739
A	  0.244770	  2.681568
A	 -0.288222	  0.927674
A	 -1.051602	  2.155775
A	  0.728796	  1.213121
A	 -0.512222	  0.210671
A	  0.382083	  0.144875
B	  1.829282	  7.731158
B	  5.449091	  2.575298
B	  4.698125	  2.894694
B	  1.405534	  7.161450
A	  1.631130	  0.822975
B	  4.367442	  3.287746
A	  2.172622	  0.123563
A	  0.676913	  2.446937
B	  0.633855	  8.935271
A	  1.568600	  1.956243
B	  6.030784	  1.582086
B	  2.728904	  5.976905
B	 -0.039675	 11.054812
A	  2.492673	  1.534120
A	  1.145147	  2.249972
B	  1.916122	  3.489328
B	  2.145425	  4.310053
B	  4.329544	  5.582829
B	  3.063977	  7.186603
B	  4.634123	  3.607037
A	  0.737568	  2.025315
A	  2.000719	  1.371517
A	  1.043878	 -0.651466
A	  1.093477	 -0.881201
A	  2.176460	  3.177680
A	  0.636760	  1.892551
A	  1.160279	  0.459716
B	  5.270205	  5.559682
B	  2.051346	  4.562945
B	  6.404128	  2.158592
A	  1.083337	  0.735236
A	 -0.376221	  1.166835
A	  0.184388	  1.186593
B	  2.205875	  4.700791
B	  4.502252	  1.451826
B	  2.610159	  6.035412
A	 -0.597329	  3.307901
A	  2.389027	  0.187151
B	  3.662257	  4.707164
B	  5.523001	  1.158761
B	  3.205508	  6.623750
B	  2.028208	  5.101131
A	  1.713414	  0.443158
A	  1.097810	  2.077274
B	  4.859645	  5.768458
B	  1.164527	  6.985564
A	  2.589030	  1.796807
B	  2.585044	  3.877254
A	  1.539240	  1.827360
A	 -0.563908	  0.182921
B	  3.420962	  4.986609
A	  1.841391	 -0.077098
A	  2.009957	  0.732667
A	 -0.650164	  0.968326
B	  5.322232	  3.856516
B	  2.610415	  4.545175
B	  5.070799	  3.512401
B	  1.917921	  3.643032
B	  4.187815	  0.235011
B	  4.360302	  6.075924
A	  1.984469	 -0.335040
B	  3.735850	  6.556406
B	  7.342222	  0.009759
A	  1.481203	  3.241634
A	  0.599141	  1.381241
B	  4.713416	  3.833381
B	  6.102649	  1.042978
B	 -1.768524	 10.258886
B	  6.443734	  2.414846
A	  0.260722	  1.490317
B	  3.637398	  2.342301
A	  1.115640	 -0.136331
A	  2.022280	  0.792632
A	  2.801152	  1.754613
B	  0.690983	  6.607563
A	  2.514268	  2.054625
A	  0.900521	  1.011832
A	  0.084743	  0.021250
B	  5.295730	  0.633456
A	  0.743257	 -0.361497
A	  1.347299	 -0.164089
A	  0.530493	  0.336250
B	  5.107067	  4.026410
B	  4.272007	  5.045705
B	  3.885757	  2.858615
A	  2.400994	  2.096119
A	  1.218138	  0.857155
B	  2.224340	  7.265531
A	  0.150004	  0.022069
B	  5.474462	  2.017381
A	 -0.518280	  1.433856
A	  3.800514	  1.149466
A	  0.747240	  1.219460
A	  0.719881	  0.789411
B	  3.792059	  3.277408
A	  1.560033	  0.774050
A	 -0.247376	  1.799504
A	  0.894690	  1.039192
B	  4.629457	  3.305098
B	 -0.719511	  9.423302
A	  2.243651	 -0.963216
A	  3.238971	  1.095929
A	 -0.527120	 -0.145141
B	  5.970296	  3.950877
A	 -0.113524	  1.042726
A	  0.284340	 -0.222350
B	  4.070542	  6.270011
B	  4.234312	  5.842496
B	  6.878447	  1.217147
A	  1.496235	  2.695253
A	  1.182510	  1.403626
B	  7.023024	  3.821282
B	  2.668065	  5.503541
B	  5.687278	  2.873724
A	  0.310191	  1.639477
B	  3.233479	  4.519839
B	  3.492429	  5.311105
B	  2.410947	  4.274375
A	 -0.545868	  1.551397
B	  3.202955	  3.918763
A	  1.677298	  0.333278
B	  3.998124	  5.279427
B	  1.731940	  5.119471
A	  3.303711	  1.206464
A	  0.786844	  0.700638
B	  2.397715	  3.363338
B	  3.041619	  2.685970
B	  3.830472	  8.029370
A	  0.522351	  1.540679
B	  4.880881	  6.190432
A	  0.023877	  2.452341
A	  1.709482	  1.280995
B	  3.752020	  3.251808
A	  2.530807	  1.270174
A	 -1.282316	  2.874213
B	  2.335935	  4.433750
B	  4.570303	  2.363372
B	  4.140362	  3.651079
B	 -2.105458	 12.168546
B	  1.932849	  5.759555
B	  1.676327	  5.384921
B	  0.072256	  7.885118
B	  3.400170	  1.091467
B	  2.557766	  4.744124
A	  1.506873	  2.562636
A	  1.230538	  2.006885
B	  5.094423	  3.725088
A	  1.656636	  0.654519
B	  3.779206	  2.678678
B	  2.823544	  7.180433
A	  0.219510	  1.212791
B	  1.480437	  4.607096
A	  2.012141	  1.135894
A	  1.229509	  1.524682
B	  1.445180	  6.012836
B	  1.438112	  4.535236
B	 -1.593436	  7.781211
B	  4.592771	  2.890490
B	  3.816169	  3.100803
B	  1.932052	  5.622491
A	  1.166674	  1.486170
A	  1.139508	  2.170561
A	  1.800215	  0.140657
B	  2.222739	  4.499755
A	  2.170084	 -0.690922
A	  1.533709	 -0.096815
A	  0.899478	  1.167304
A	  1.957183	 -0.033454
B	  1.137610	  7.450708
A	  0.502206	 -1.004711
B	  1.861746	  7.087222
A	  0.980603	  1.392136
A	  2.570689	  1.181407
A	  0.610299	  1.397877
A	  1.049949	  1.779660
B	  6.584399	  0.931358
B	  6.058370	  0.332811
A	  0.691238	  1.430872
B	  2.541372	  2.742533
B	  4.046642	  5.000596
A	  1.863690	  2.388820
A	  0.231730	  0.272630
A	  0.220034	  1.252342
A	 -0.128979	  1.551900
A	  1.611840	  1.440554
A	  2.390855	  0.426362
B	  4.759069	  4.534665
B	  4.518695	  4.471815
B	  4.698826	  1.030122
A	  1.121872	 -0.510504
B	  4.356335	  5.874583
A	  1.418894	  1.863858
A	  0.580426	  1.256649
B	 -0.431495	  8.734890
B	  1.903246	  5.580088
B	  2.402034	  4.091881
B	  4.169333	  4.045484
B	  6.140227	  0.591675
A	 -0.847409	  0.052696
A	  1.663967	  0.747733
B	  1.462712	  6.703624
B	  2.882890	  3.200339
B	  5.164488	  1.086534
B	  1.725207	  5.406777
B	  2.611607	  5.472668
A	  1.146955	 -0.802501
A	 -0.447842	  1.271098
B	  6.249726	  3.295641
B	  2.638455	  8.636042
B	  4.708602	  3.718079
B	  4.254599	  4.897330
B	  0.722743	  8.154267
B	  7.245070	  0.339602
A	  0.000505	  0.744346
B	  2.934461	  4.362919
A	  0.610843	 -0.037465
B	  6.671245	  1.395830
B	  4.861711	  7.599870
B	  1.554979	  6.760125
A	  0.266414	  0.941159
A	  1.013454	  0.651752
A	  0.310459	  0.719627
B	  7.431193	  2.044313
B	  4.050518	  5.772642
A	  3.347247	  0.874823
A	 -0.102688	  1.714395
A	  1.695142	  1.164471
B	  1.591851	  6.673478
A	  1.410338	  0.194372
B	  4.832805	  3.841186
A	 -0.057242	  0.610964
B	  8.150209	 -1.291240
A	  1.193710	  0.767129
A	  1.453846	  1.644206
A	  2.355764	  2.589400
A	  1.783099	  1.391968
A	  2.477267	  0.896842
A	 -0.277591	  0.147893
A	  2.305193	  1.125719
B	  4.060127	  4.264425
B	  2.052087	  6.290444
A	  1.245194	  1.144383
B	  3.262976	  2.595210
A	 -1.318100	  0.985866
B	  2.653214	  5.976550
A	  1.840892	  0.781611
B	  0.998293	  7.261330
B	  1.124625	  5.380367
B	  4.605805	  2.726342
A	 -1.561151	  0.112542
A	  1.131333	  0.360680
A	  0.920021	  0.689839
A	 -0.094830	  0.042710
A	  1.694748	 -0.668448
A	  0.650382	 -0.675662
A	  1.946911	  1.348953
A	  1.125991	 -0.350431
A	 -0.421312	  1.649057
B	 -1.664510	  7.855814
A	 -0.272778	  0.228986
B	  3.159579	  7.020515
A	  0.827644	  0.601981
B	  6.678997	  0.863779
B	  1.328652	  5.007704
A	  0.639706	  0.125344
A	  0.240707	  0.975806
A	  1.782656	  2.270056
A	  0.428126	 -1.231017
B	  1.785262	  6.144437
B	  3.815604	  5.467516
B	  2.252860	  6.382034
A	  2.337853	  2.656463
B	  0.072986	  7.531547
A	  1.221371	 -0.052477
A	 -0.103170	  0.872830
A	  1.806230	  2.299385
A	  0.703058	  1.860637
A	  1.663717	  1.127863
A	 -0.134035	  0.756668
B	  6.174047	 -0.049081
A	 -0.117586	  1.809063
A	  2.356958	 -1.190005
B	  5.320588	  5.095105
B	  3.590624	  4.497225
B	  6.980466	  2.438660
A	  0.818416	  1.732935
A	  2.105263	  1.463363
B	  1.577383	  6.108895
A	  0.827135	 -0.163911
A	  0.673060	  1.370867
A	  0.421673	  1.467448
A	 -1.236434	  3.557729
A	  1.596462	 -0.343952
A	  1.250609	  0.588568
A	  1.021119	  2.775796
A	 -1.251342	  0.429436
A	  3.339877	  2.578437
B	  3.446661	  6.814283
B	  4.911831	  3.217177
A	  0.213526	  1.488151
B	  8.669432	 -1.340659
A	  1.324092	  1.153196
A	  0.713117	  3.465598
A	  1.715816	  2.508618
B	  5.053551	  2.824115
B	  5.980844	  1.558481
A	  0.808838	  2.251876
A	  1.265266	  1.040200
A	  1.587264	  1.309680
A	  0.974415	  1.251845
B	  4.453163	  1.385031
B	  2.621272	  7.419177
A	  1.146201	  2.528006
A	  1.260169	  1.576897
A	  1.236093	  3.248609
A	  1.837666	  1.370347
B	  1.004982	  6.524715
B	  5.000361	  0.407642
A	  1.913962	  1.557970
B	  2.548411	  2.252652
B	  3.649721	  6.546106
A	  1.538296	  1.160140
A	 -0.216251	  1.709301
B	  6.630684	  1.271216
A	  0.681727	  2.316807
A	  1.305764	  0.419389
B	  2.421814	  3.900649
A	  1.342654	  2.176778
B	  1.601909	  5.578408
B	  2.641226	  3.855155
A	  2.620239	  0.884446
A	  1.281062	  0.959462
A	 -0.130107	  1.385996
B	  5.404278	  0.757802
A	 -0.310463	 -0.117105
A	  0.422537	  1.343807
B	  1.786673	  4.076585
A	  1.043098	  0.964237
A	  1.901144	  1.688030
A	  3.537737	  2.523468
B	  2.404920	  5.076678
B	  3.924076	  5.875646
B	  5.258631	  1.931174
B	  3.223899	  4.523280
A	  0.689648	 -0.955511
A	  2.668783	  1.231694
A	  0.600450	  1.562326
A	  0.519309	 -0.893721
B	  3.238860	  5.503945
B	  2.474041	  4.664070
A	  0.759172	  1.092912
B	  5.205447	  2.007126
A	  1.791175	 -1.106501
A	 -1.046740	  1.698861
B	  4.080958	  4.373219
B	  2.910254	  4.037035
A	 -0.283349	  1.009592
B	  2.169234	  5.801045
A	  0.666757	 -0.301451
A	  2.278084	  1.641549
B	  3.146979	  2.969431
B	  4.106798	  3.893408
A	  0.827925	 -0.368698
B	  5.013049	  3.472699
A	  0.150424	  2.458194
B	  3.841754	  3.595690
B	  6.401648	  2.797883
B	  1.134042	  6.934154
B	  5.793957	  6.693794
A	  1.720835	  0.376401
B	 -2.510013	 10.973893
B	  0.554537	  6.189867
A	  1.549302	  1.536334
A	  1.046666	  0.600353
A	  0.080012	 -0.037345
A	  0.354312	 -0.624989
B	  3.217342	  4.248042
B	  4.692296	  3.014351
A	  0.998854	  0.321206
A	  0.614111	  1.388387
A	 -0.351530	  0.120097
A	  1.698653	  0.230171
B	  6.829747	  2.348896
A	  1.734804	  0.529596
B	 -0.464147	  8.377915
B	  8.097988	  1.589323
B	  0.839811	  9.620971
B	  4.782497	  3.336994
A	  0.236797	  1.034488
B	 -1.536888	  9.229824
A	 -0.352938	  0.939101
A	  0.341501	  1.418352
A	  1.571504	  0.046492
A	 -0.224471	  0.248396
A	  1.706669	  2.449454
B	  2.797079	  7.145724
A	  1.263235	  2.163001
B	  1.218862	  5.469687
B	  1.677735	  3.330839
A	  0.625079	  0.248392
A	  2.650869	  1.424109
A	  1.951031	 -1.005591
B	  4.110015	  2.394617
B	  4.006681	  2.465478
A	  0.970451	  1.719282
B	  1.416593	  6.979933
B	  6.725537	 -2.247159
A	  0.221141	  1.021943
A	  1.451765	 -0.414593
B	  3.570895	  4.547019
A	 -0.876855	  2.185616
A	  1.002568	 -0.319771
B	  1.239313	  8.756631
A	 -0.524984	  1.797266
B	  0.606822	 10.368817
B	  3.405439	  2.727584
B	  4.087325	  6.356120
A	  0.825386	  2.886320
A	  0.329372	  1.621588
B	  0.242741	  7.338215
B	  1.881642	  5.916375
A	  0.275797	  0.687115
B	  5.881441	  2.852007
B	  2.205976	  7.567662
B	 -1.456815	 11.972310
A	  0.279701	  1.811803
A	  2.333547	  1.012375
A	  2.556051	  0.063345
B	  2.851955	  4.226727
A	  2.144802	  2.159738
B	  2.699231	  4.982486
A	 -0.186881	  1.390139
A	  1.279755	  2.310849
B	  2.844493	  4.376835
A	  1.559285	 -0.019678
A	  1.870893	  1.382445
A	  0.830099	 -0.126943
A	  0.701171	  0.366712
A	  1.560440	  0.247262
B	  4.086499	  2.416799
A	  1.129814	  1.117008
A	  2.656452	  0.291413
B	  5.760162	  1.332937
B	  6.816270	  4.377584
B	  5.332464	  3.099697
B	 -0.557247	  8.977483
B	  2.586774	  7.723031
B	  5.787708	  2.554529
A	  0.815473	  1.732645
A	 -1.537173	 -0.276531
B	 -0.157433	  8.451631
A	  0.745012	  0.551582
A	  0.023505	 -0.453352
B	  3.059897	  4.346248
A	  0.955670	  1.773468
A	 -0.393001	  0.290899
A	  0.082854	  0.537541
A	 -0.360626	  0.073170
B	  2.481405	  4.107394
B	  1.807004	  3.752472
A	  1.485187	  3.012342
A	  0.335082	  0.045957
A	  1.593909	  1.719681
A	  0.382435	  1.399058
B	  6.507326	  0.056896
A	  0.498521	  0.958159
A	  0.494193	 -0.275448
A	  0.974728	  2.132733
A	  1.358568	 -0.404750
A	  2.363310	 -0.908286
A	  2.545090	  0.379902
B	  2.741318	  6.504146
A	  1.370683	  2.273901
A	  0.866585	  0.400464
B	  5.404531	  2.935882
A	  0.733947	  1.222199
A	  1.476212	  0.764324
B	  5.043563	  5.445724
B	  4.166157	  1.507803
A	  1.315293	  0.815360
A	  1.867843	  0.898811
A	  2.149795	  2.664711
B	 -0.048771	  6.668071
A	 -0.262367	  2.057368
A	  2.203994	  2.062378
B	  4.807349	  1.704041
B	 -0.194421	 10.700029
A	  1.632377	  1.871809
B	  6.531608	  3.970550
A	  1.268151	  0.444842
B	  1.485456	  4.776809
B	  3.645090	  3.921962
B	  3.028273	  2.685385
B	  6.394977	  2.584867
A	 -1.108603	  1.414960
B	  1.317013	  3.674598
A	  1.632867	  0.866892
A	  0.247221	 -0.063559
A	  3.065215	  1.388003
B	  4.557139	  3.952268
A	  1.154715	  0.812206
B	 -0.978500	  7.029013
B	  3.997073	  2.217714
A	  1.528727	 -0.566291
B	  6.019431	  2.476967
B	  4.671671	  4.732268
B	 -1.050487	 12.473067
A	  1.039187	  1.117518
B	  5.708413	  2.221773
B	  6.914949	 -0.798574
A	  1.143909	  0.017975
B	  4.032089	  5.142678
A	  1.364595	  2.062471
A	  0.693864	  1.796499
B	  6.487994	  5.270718
B	  3.447412	  4.775871
A	  1.157047	  1.760212
B	  4.189619	  2.660306
A	  1.518012	  1.436564
A	  0.565572	  2.424119
A	  0.740790	  0.175820
A	 -0.257520	  0.069021
A	  1.224226	  1.431599
B	  2.270122	  4.329938
A	 -1.075633	  0.449693
A	  1.349831	  0.625600
B	  2.414218	  2.282739
B	  7.049115	  1.729194
B	  8.133484	 -3.965503
B	  1.796540	  5.626332
A	  1.335060	  0.597013
B	  4.043076	  3.210846
B	  4.472829	  0.192038
A	 -0.933882	 -0.810133
A	  1.557097	  1.097919
A	  0.451215	  0.525696
B	  4.540740	  3.554465
A	  1.142267	  1.021113
B	  6.201517	  1.628113
B	  7.444759	 -2.532038
B	  4.378761	  5.557411
A	  0.933483	  1.255311
B	  0.608243	  5.630901
B	  3.559714	  6.253449
B	  6.462967	  2.761223
B	  3.865100	  5.509352
A	  0.796856	  0.628976
B	  4.374819	  2.993252
A	  0.490892	  1.307886
B	  3.677832	  2.853485
A	  0.587685	 -0.084434
B	  3.962646	  4.922240
B	  4.256948	  5.573529
A	 -0.652275	  0.265498
B	  1.462613	  5.766851
B	  6.628843	  3.024243
B	  3.888184	  7.983500
B	  2.005759	  6.241966
A	 -0.162398	  1.738903
B	  4.519929	  3.078639
B	  5.275489	  0.514542
B	  4.278700	  2.609044
A	  0.409441	  1.575329
A	  0.832603	 -0.125085
B	  1.949160	  6.844302
A	  0.313229	  0.894543
B	  5.662400	  2.801498
A	 -1.013980	 -1.331328
B	  4.833155	  3.132215
A	  0.531528	  0.527706
A	  2.205909	  1.744093
B	  3.109129	  4.446154
B	  4.569368	  2.315177
A	  1.679255	  1.327512
A	  1.422031	  0.560148
B	  2.570962	  6.769107
B	  6.601612	  0.353384
B	  5.885573	  1.238695
B	  2.905150	  4.376613
A	  1.826091	  0.410675
A	  0.447540	 -0.422294
A	  1.039247	  1.222634
B	  1.212276	  5.878730
A	  1.362163	  0.886458
B	  1.973247	  5.303712
B	  4.456089	  2.400431
A	  0.939631	  0.572777
A	  0.977323	  0.281727
A	 -0.460383	  0.799197
B	  8.360900	  2.295888
B	  1.940663	  6.618279
B	  3.917764	  6.003928
B	  5.899561	  0.786771
B	  7.563522	  3.287203
B	 -0.711707	  7.822402
A	  0.810511	  0.147009
B	  1.997266	  5.673402
B	  2.332120	  8.743296
B	  0.430077	  4.240955
A	  1.369507	  2.375649
B	  3.166335	  8.961051
B	  3.386333	  3.917708
A	  0.625621	  0.877189
A	 -0.727715	  1.654318
A	  0.995812	  1.656100
A	  1.273318	  2.167695
A	  1.014445	  1.232855
A	  1.101160	  1.785629
A	 -0.604785	  0.470225
B	  6.389955	  1.133506
A	 -0.735824	  2.181693
A	  1.930118	  3.241079
A	  1.249305	  0.349619
A	  0.668807	  1.295193
A	  0.542103	 -0.800128
A	  2.203658	  2.578099
B	  1.689631	  4.103215
B	  7.217479	  2.768763
B	  5.544789	  1.383720
A	  0.088290	  0.478925
B	  0.067636	  7.703304
A	 -0.023973	  1.574601
B	  5.360811	  3.065027
A	  0.306502	  2.456216
B	  5.980072	  1.124854
B	 -1.602097	  8.180625
A	  0.909154	  2.027234
B	  8.429789	  1.810808
B	  4.843362	  6.384782
A	  1.071504	 -0.295729
A	  2.541248	  0.440204
A	  2.470712	  1.333231
B	  5.609027	  3.797154
B	 -0.193814	  8.243009
B	  3.115468	  4.171859
A	  1.523531	  0.377184
B	  6.684849	  0.161452
A	  1.945542	  0.408090
B	  2.005675	  5.031810
B	  4.534843	  2.474151
A	  0.568531	  0.927772
A	  1.301122	 -0.314331
A	  1.144720	  0.964720
B	  4.344357	  2.743686
B	  3.267797	  5.004279
A	  1.365383	  1.132690
A	  0.284932	  2.088590
A	  0.914413	  1.605227
A	  0.440687	 -0.413543
B	  9.096287	  0.541625
B	  3.692073	  2.402807
A	  0.661944	 -0.276555
B	 -2.258259	  9.484766
A	  0.861645	  1.538533
B	  8.717894	 -1.579488
A	 -0.266761	  1.370357
A	  2.346937	  1.557138
A	  1.870182	  1.126885
A	  0.873240	  0.923611
B	  2.908685	  7.779007
B	  4.375109	  3.384156
A	 -1.251166	  0.217386
A	 -0.825793	  2.552324
B	  4.127223	  2.763693
B	  6.155577	 -2.017649
B	  5.477416	  7.010160
B	  7.528568	 -1.801747
B	  4.589092	  3.898667
A	 -0.065624	  1.138863
A	  0.645279	 -0.753254
B	  1.650201	  5.794306
A	  1.799915	 -0.117189
B	  1.348571	  7.914765
B	  3.482304	  6.009145
A	  0.634996	 -0.589404
B	  3.515954	  4.305898
B	  0.647977	  3.783419
B	  1.123156	  8.370443
B	  6.121762	  3.177450
A	  1.944571	  1.138967
B	  4.414099	  6.177900
B	  8.387192	  0.166306
A	  0.055378	  1.290150
B	  8.104780	 -0.431520
A	  0.491368	  0.752001
B	  5.642177	  4.217162
A	  0.893288	 -0.871053
A	  2.170304	 -0.384915
A	  1.521788	  0.985363
A	  0.679519	 -0.226361
A	  1.041775	  0.350492
B	  7.211710	  3.307009
A	  0.415228	  0.693034
B	  4.502014	  1.836534
B	  3.036967	  3.746443
A	  0.855201	  0.489659
A	  0.347971	  1.712014
B	  4.758940	  2.282710
B	 -1.340305	  8.482007
B	  1.474285	  6.556857
B	  4.315584	  2.871130
B	  7.955165	  0.965006
A	  0.436049	  1.914418
B	  3.152661	  3.367882
B	  6.098050	  0.612315
A	  3.965802	  0.161497
B	  5.226302	  0.960234
A	  0.621191	  1.187860
B	  3.299845	  5.395486
B	  4.460512	  2.012858
A	  2.448419	  0.053512
B	  4.772148	  0.762428
B	  1.370976	  6.400892
A	  0.410629	  2.436090
A	  1.633656	  0.519101
A	  1.075111	  2.571247
B	  0.088838	  6.844694
B	  4.138709	  6.398307
B	  0.219398	  9.340142
B	  2.251427	  7.733318
A	  1.831319	  2.086033
B	  0.323376	  7.939705
A	 -1.109677	  0.891051
A	 -1.096937	  0.611964
A	 -0.166833	  1.296660
A	  1.767910	  0.228278
A	  1.071976	  0.779816
B	  3.646373	  4.294562
B	  6.077811	  2.596367
B	  1.925096	  6.128267
B	  3.138139	  5.585736
B	  1.580549	  6.363149
A	  0.971396	  3.127779
B	  4.352541	  2.708925
A	  1.262853	 -0.470857
B	  0.444736	  7.355302
B	  6.525236	  1.577207
B	  4.494616	  4.248640
A	  1.207468	  0.249594
A	  2.414252	  1.221207
A	  1.513663	 -0.312438
B	  3.388408	  2.121834
A	 -0.635185	  0.840670
B	  8.026893	 -0.557785
A	  1.612858	  0.628445
A	  1.810813	  1.382587
A	  0.977969	  3.087434
A	  1.895926	  0.641659
A	  0.737779	  1.421445
B	  4.102467	  5.729114
B	  4.701848	  4.153085
B	  6.134899	 -0.661169
A	 -0.133806	 -2.499989
B	  2.390861	  5.695686
A	  2.143004	  1.564856
B	  5.485804	  3.202864
B	  2.948865	  7.324350
A	 -0.394107	  0.456196
B	  4.152684	  3.850112
A	  1.873097	  0.840371
B	  6.934284	  0.932571
A	  0.309166	  0.533198
A	  0.876042	  2.271627
A	 -0.429799	  1.450591
A	  2.844171	  0.389324
B	  3.273659	  6.362923
A	  0.092147	  0.366544
A	 -0.111134	  0.598719
B	 -3.131314	  6.389254
A	  0.802710	  0.438473
A	 -0.872947	  1.330865
A	  1.129174	  0.125490
B	  7.095520	  1.614243
B	  1.230240	  6.097637
A	  1.808597	  0.233100
A	  0.807588	 -1.076597
B	  4.429723	  3.525991
A	  1.101725	  1.232766
A	 -0.094655	 -0.206420
B	  3.609537	  4.021380
A	  2.510812	  0.847767
B	  7.629460	 -1.681241
A	  1.249124	  0.632052
B	  4.030170	  2.796652
B	 11.041439	 -2.045009
B	  2.921569	  6.848286
B	  3.856748	  3.618079
A	  0.704550	  1.816514
B	  3.559310	  6.421335
B	  5.607300	  4.169316
A	  1.847110	  0.835681
A	  0.936940	  1.439011
B	  7.198352	  0.890789
A	  0.355102	  2.665083
A	  1.046980	  1.763749
A	  1.564490	  1.539207
A	  1.512169	  0.637123
A	  0.389041	  1.081797
B	  7.646771	  2.796545
A	  3.142350	  0.955256
B	  2.273898	  5.810470
A	  2.811971	  0.348051
B	  3.384229	  8.188307
A	  2.346663	  0.032369
A	  0.878106	  0.722147
B	  5.290223	  2.154872
A	  1.028497	  0.990401
B	  5.702993	  1.377947
B	 -0.151915	  9.628402
A	  1.227823	  1.919654
B	  3.884060	  4.366053
B	  3.525232	  1.888938
A	  2.215598	  1.331988
B	  5.511958	  3.005967
A	  1.659109	 -0.279293
B	  3.847745	  3.072456
A	 -0.517221	 -0.136843
A	 -0.871579	 -0.271226
B	  3.164103	  5.004308
B	  5.298220	  3.958052
A	  0.391846	  2.715938
B	  7.038530	  0.899485
A	  1.148102	  0.470562
B	  5.631106	  3.043283
A	 -0.497163	  2.430091
A	  0.451782	  0.827929
A	  0.341777	  1.607016
A	  0.510501	  0.850217
A	  2.290675	  0.451468
A	  1.180488	  1.202737
B	  8.256922	  0.741542
A	  1.108664	  0.488819
B	  4.427165	  6.678236
A	  1.779413	  1.360691
B	  5.138843	  0.630611
B	  4.461457	  3.474913
B	  1.540786	  4.854029
A	 -0.352775	 -0.188845
A	  0.745807	 -0.436978
A	  1.193464	  2.289489
B	  8.014018	 -0.259215
B	  6.301226	  0.841468
B	  3.150701	  2.929408
A	 -0.280242	  1.171825
B	  4.175788	  5.864034
A	  0.603424	  1.429307
B	  5.494115	  3.865435
A	  0.978336	  1.020525
B	  4.336555	  6.507200
B	  5.319511	  2.248516
A	  0.637648	  0.978202
A	  2.031909	  2.173670
A	 -0.921523	  2.217221
A	  3.322041	  1.123728
B	  3.569153	  2.345717
A	 -1.660412	  1.728121
A	  2.097095	  0.653635
A	  1.643949	  0.441438
B	  0.801260	  4.771730
A	  0.040300	 -0.032005
B	  5.282152	  2.167969
A	  2.212435	  1.399532
B	  7.021166	  3.627558
A	  0.562701	  1.653147
B	  4.744120	  4.495946
A	  1.200866	  0.320764
B	  0.061785	  8.383473
B	  1.179235	  4.839871
A	  0.448970	  2.229114
B	  5.261468	  4.646586
A	  1.613721	  0.266366
A	  0.505396	  0.466475
A	  0.282989	  1.303735
A	 -0.479870	  1.957523
B	  0.937476	  8.278819
A	  1.595447	 -1.065243
B	  3.290712	  6.572612
A	  1.346504	  0.485224
A	  0.099866	 -0.565769
B	  2.940886	  6.225209
B	  4.217199	  3.221511
B	  1.347870	  6.218036
B	  2.817309	  4.906564
B	  1.181523	  5.632155
B	  3.314486	  3.632370
B	  4.508691	  5.794316
A	  0.167207	  0.506733
B	  2.447880	  5.076962
B	  1.269849	  5.242916
B	  4.527821	  2.902359
B	  1.889854	  6.839728
B	  7.607447	  3.453187
B	  5.899413	 -0.060111
B	  1.559432	  6.613654
B	  2.066506	  7.130456
B	  1.830260	  6.037231
B	  3.807501	  4.977424
A	  0.424978	  3.260332
A	  2.730154	  1.018067
B	  2.838263	  5.925390
A	  0.543165	  2.019087
A	  1.403082	  2.209312
B	  2.918337	  7.486520
A	  1.102608	  0.284666
A	  0.950023	  2.413626
B	  7.841751	  0.379950
B	  5.691003	  1.874598
A	  1.081831	 -0.509984
A	  0.063632	  0.093216
B	  1.478286	  6.652231
A	  0.962136	  0.130681
B	  5.559342	  0.727790
B	  5.215792	  1.039545
B	  5.705766	  3.554612
A	  1.511155	  1.829097
B	  3.884321	  3.353562
B	  3.564917	  4.843863
A	  1.432431	  0.574517
A	  0.666841	  0.893672
A	  2.548683	  2.380972
B	  5.920920	  1.188850
A	  0.811745	 -0.519286
A	  2.541105	  2.971508
B	  6.824724	  3.972220
B	  2.141992	  6.742632
B	  1.855790	  9.200709
B	 10.949243	 -2.526368
A	  3.078181	  3.524829
A	 -0.157827	  2.372940
B	  4.943975	  0.639228
B	  6.910374	  3.346437
B	  3.060504	  1.948432
A	 -0.082873	  0.882956
B	  3.275816	  5.407447
B	  1.581430	  7.327307
B	  2.897354	  7.527401
B	  1.449598	  0.206147
A	  3.172258	  2.059910
A	  1.018738	  2.445017
B	  3.540786	  5.126325
A	  0.440742	 -0.194012
A	 -0.383258	  0.178843
A	  0.859939	  0.931375
A	  2.663703	  1.066669
B	  5.079233	  4.426656
B	  0.505740	  7.585088
B	  4.637476	  5.287927
A	  1.193015	  1.251068
A	  2.647664	  1.700139
A	  1.757612	  1.445937
B	  6.531797	  3.688353
B	  0.874918	  7.841334
A	  0.438527	  0.933819
A	  0.795976	  2.508733
B	  4.576199	 -0.829709
B	  6.363722	  3.330932
A	  2.097458	  2.746712
B	  8.073252	 -1.164491
B	  5.784837	  2.809090
A	  1.335974	  1.446388
A	  0.077301	  3.400546
B	  5.064889	  3.529620
B	 -2.687773	  9.611370
A	 -1.460985	  0.785020
A	  0.242231	  0.993310
A	  0.422904	  0.351030
B	  3.701682	  5.658301
A	  0.384036	  1.167840
A	  0.536078	  0.995259
B	  8.003837	  3.436190
A	  0.975262	  1.204742
A	  1.093360	  1.619570
A	  0.149546	  0.750005
A	  2.835272	  1.240282
B	  5.887178	  1.174163
A	 -1.540621	  0.193448
B	  4.386304	  3.895824
A	  1.498898	  2.097512
B	  1.571079	  6.753483
A	 -1.662121	 -1.055494
B	  5.483612	  6.405380
A	  1.165772	  1.659935
B	  5.032143	  2.413942
A	  1.388431	  0.485095
A	  1.618465	  0.250310
A	  0.748227	 -1.764165
A	  0.499373	  1.692151
B	  2.151371	  3.836216
A	  1.154352	 -1.161117
B	  3.653453	  5.136619
B	  4.918687	  5.067990
A	  1.133802	  0.253018
A	  1.904996	  0.865597
A	  2.161276	  1.552474
B	  4.096088	  2.301282
A	  0.638260	  1.581013
A	 -0.242926	  0.707740
B	  3.745132	  5.234896
B	  4.754325	  2.748747
B	  4.042431	  3.988880
B	 -0.429369	  9.461967
B	  2.625333	  4.010972
B	  4.639150	  3.531343
A	  1.316301	  0.461233
B	  1.766279	  7.373970
B	  6.371825	  2.061219
A	  1.801772	  2.263480
A	 -0.117178	  0.207211
A	  0.026071	  1.590550
B	  5.985094	  1.529041
A	  2.204008	  0.366472
A	  0.691493	  0.964214
B	  4.697498	  3.455504
A	  2.615761	  1.363213
A	 -0.205152	  1.762784
A	  1.699688	  0.686559
A	  1.803711	  2.508456
B	  1.074454	  6.961289
B	  3.773170	  5.700624
B	  4.493027	  6.208200
A	  0.696834	 -1.083923
B	  7.137278	  2.024463
B	  3.871663	  2.774662
B	  1.743897	  6.221217
A	  1.544569	  0.537476
A	  1.769792	  1.059690
A	  1.052409	  1.420886
A	 -0.383051	 -0.222770
B	  4.287261	  5.256315
A	  0.700635	 -0.772112
B	  3.122279	  5.915692
B	  7.502568	 -0.078997
A	  1.654275	 -0.187662
B	  3.334584	  2.839271
B	  2.871268	  1.871253
A	  0.131750	  0.868484
B	  1.273676	  8.721891
B	  3.786317	  4.606735
B	  1.667923	  6.277973
B	  6.044311	  2.077000
B	  5.952378	  0.884240
B	  2.420442	  3.769479
A	  0.852281	  2.947303
A	  1.605028	  1.514405
B	  0.312045	  7.363343
A	  1.004814	  0.621637
A	  1.190918	  0.490155
A	  0.397345	  1.569067
B	  4.411529	  3.707379
B	  3.506655	  3.285437
A	 -0.317527	 -0.558558
A	  1.215614	  0.447215
B	  6.113979	  3.229779
A	  0.901325	  0.222350
B	  4.654278	  6.006971
A	  2.041987	  1.918371
B	  0.564384	  6.786275
B	  4.407797	  2.736576
A	  0.805797	  1.141973
A	  0.409103	  1.403159
B	  2.635022	  4.472506
B	  1.221145	  9.680508
A	  1.520800	  2.269445
B	  2.292197	  5.665283
B	  8.828176	  0.546688
B	  5.525045	  0.494438
A	  0.979622	  0.227490
B	  2.325081	  5.560451
A	  1.685613	  0.712030
B	  9.002526	  1.223581
B	  1.121259	  4.493556
A	  0.405802	  1.732495
B	  5.814811	  2.583717
B	  5.741144	 -0.305052
B	  5.382651	  5.873382
B	  5.111894	  2.435880
B	  5.791947	  2.274719
A	  2.198543	  3.654449
B	  4.889808	  2.781742
A	  1.693783	 -0.097699
A	  1.663152	  1.628486
B	  7.342611	  2.213137
B	  9.493267	 -0.160930
A	  0.956755	  1.500760
B	  7.724113	  0.743641
B	  5.038465	  3.317358
A	 -0.361525	 -0.485353
A	  0.685105	 -0.973568
A	  2.216246	  1.605820
A	  1.101721	  1.548733
A	  0.760060	  1.744043
B	  2.137757	  4.243318
B	  6.320088	  2.115040
B	  5.516536	  3.367701
B	  1.820306	  5.663258
B	  5.953255	  2.305036
B	  2.357554	  6.271507
A	  0.439029	 -0.340662
B	  2.848527	  6.927559
B	  7.393634	  2.252346
A	 -0.729171	  0.677813
A	  1.359478	  1.061242
B	  5.221647	  3.100131
B	  5.455490	  4.700357
A	  1.676014	 -0.028438
A	  1.669147	  1.130463
B	  2.958681	  2.881089
A	  0.266697	  1.269370
A	  1.620213	  0.917452
A	  2.260009	  1.597483
B	  0.218618	  6.711922
A	  0.123567	  1.883133
B	 -0.981368	  8.996305
A	  2.484914	  2.137947
A	  1.650280	  1.276067
B	  1.240857	  3.367565
A	  1.345965	  1.521513
A	  2.123967	  1.732503
A	  0.372062	  0.132566
B	  7.664862	  1.183242
A	  2.068791	  1.664673
B	  4.602017	  1.518272
B	  1.435867	  6.660409
B	  7.098113	 -0.711333
A	 -0.337810	  1.250174
B	  3.428376	  4.234951
A	  2.521638	  0.236159
B	  4.554198	  4.654221
A	  0.101578	 -0.326581
A	  0.092825	  1.274817
B	  3.172453	  4.538664
B	  5.101861	  2.681512
A	  0.927134	  0.809614
B	  2.902787	  4.348362
A	  0.239893	  1.203048
B	  6.851667	 -0.583417
A	  2.641644	  2.176034
B	  5.971559	  2.063883
A	  1.366473	 -0.290128
A	  0.515314	 -0.002766
A	  0.722249	  1.851366
A	  1.306357	  1.417984
B	  4.256924	  5.532487
A	  2.283565	  1.473371
A	  0.829290	  1.566438
A	  1.050805	  0.573565
A	  1.266242	  2.087970
A	  2.647335	 -0.112271
A	  2.050416	  0.196593
B	  2.749752	  3.784755
A	  1.607752	  1.061009
A	  2.021675	  2.286034
B	  3.308101	  3.351591
A	  0.786873	  0.391944
B	  3.745945	  8.750767
A	  2.482453	  0.303619
B	  3.901859	  3.103929
B	  4.593875	  3.520783
B	  4.657528	  4.151774
B	  3.763646	  4.908365
B	  7.089618	  0.125036
B	  2.287032	  6.880557
B	  2.658641	  7.227844
B	  3.838004	  3.928289
A	  1.805430	  0.851255
A	  0.448504	  2.174126
A	  1.890819	  1.849526
A	  3.212229	  1.112160
B	  3.564387	  1.630545
B	  2.264546	  5.807448
B	  4.735306	  7.356576
A	  0.593201	  0.632110
B	  5.453061	  2.373453
A	  0.166041	  1.567968
B	  5.100406	  5.255928
A	  1.647921	  1.071565
B	  2.433414	  4.367950
B	  7.213313	  2.783414
A	  0.505447	  3.209765
A	  2.408469	 -0.018721
B	 -4.593652	  8.755040
A	 -0.120231	  0.436346
B	  7.868605	 -0.382682
B	  2.503756	  7.506304
A	  0.119351	  1.244096
B	  1.490068	  6.903253
A	  3.521265	  2.215586
B	  4.567233	  2.801878
A	  0.859787	  2.249567
A	  1.691753	  1.775026
B	  6.115484	  2.260468
A	 -0.351281	  0.566318
B	  3.963785	  3.768381
A	  1.015549	 -0.390513
B	  5.099841	  3.859215
A	  0.772654	  1.397039
B	  3.031475	  2.890739
B	  5.453042	  1.558339
A	 -0.120122	  1.622930
A	  0.394379	  1.086176
A	  0.196659	  0.969162
A	  0.069942	  0.013206
A	  1.676610	  0.670524
A	  0.287018	  1.665808
A	  2.162425	  0.937993
B	 11.170737	 -2.664815
B	  5.365038	  4.398742
A	  0.468325	  0.017264
B	  5.355357	  4.080275
B	  4.627390	  0.762526
B	  1.748002	  6.440912
A	  1.442190	  0.243701
B	  6.085260	  2.361619
A	  0.109496	  0.908508
A	  0.715409	 -0.067063
A	  0.167268	  0.582933
B	  3.369025	  1.452629
B	  0.148454	  6.810629
A	  0.872994	  0.759379
B	  6.839106	  1.684431
B	  3.414429	  4.785075
B	  5.285759	  1.874638
B	  4.574470	  5.177083
A	  1.496713	 -1.019870
A	  1.363609	  2.808586
A	  2.597187	  0.085300
B	  0.190036	  8.168287
A	  0.882725	  1.239586
B	  6.657669	  3.322491
B	  1.753774	  4.641494
A	  0.653489	  1.892223
B	  3.704676	  4.347259
A	  1.981025	  0.939650
B	  6.233799	  3.351930
B	  5.728751	  3.997198
A	  1.684571	  1.385391
A	  1.244905	  0.910851
B	  4.887177	  2.241308
B	  6.220465	  3.890800
B	  2.643732	  7.060928
B	  0.066866	  7.658855
A	  0.741940	  1.058214
B	  3.638094	  0.801333
A	  1.149697	 -0.333979
A	  1.750843	  1.030110
B	  3.422955	  4.988213
A	  0.436995	  0.422161
A	  0.670618	  1.851177
A	  2.199751	  1.416163
B	  3.569855	  5.237558
B	  4.059308	  3.572854
A	  2.758619	  1.408026
B	  3.738248	  5.080658
A	  1.022671	  1.834293
B	  5.111825	  3.222935
B	  4.907206	  2.912724
A	  0.940760	  0.754796
A	  0.608314	  2.018158
B	  0.462286	  4.481081
B	  4.385789	  3.107524
B	  5.473932	  2.409546
B	  3.578407	  3.325447
A	  0.693445	  1.791857
A	  0.093298	  1.843194
A	  1.829379	 -1.365066
B	  1.863515	  5.506730
A	  2.664551	  1.860365
A	  1.318094	  1.878319
B	 -0.849760	  6.299573
A	  2.007683	 -1.220622
B	  7.950379	  1.827470
B	  3.242375	  4.716013
B	  4.140694	  4.549995
B	  8.662264	 -0.647054
A	  0.461451	  2.155975
B	  9.939128	 -2.400020
B	  6.559218	  1.521162
A	  0.986400	  0.521470
A	  3.868593	  2.772904
B	  3.431545	  6.505707
B	  5.192407	  2.213306
A	  3.519243	  1.119990
A	  0.915685	  1.373937
B	  4.247505	  2.025723
B	  2.546853	  1.928955
A	  1.145677	 -0.247735
A	  1.718866	  2.239959
B	  3.347429	 -0.383863
B	  4.635699	  4.099611
A	  0.378486	  0.993266
A	  1.525642	  0.829653
A	  2.541637	  2.149877
A	  0.571515	  2.032187
B	  1.026552	  5.852740
A	 -0.348610	  0.752866
B	 -1.736403	  8.889092
B	  3.941260	  4.695982
A	  1.716164	  0.789279
B	  3.371947	  4.718671
B	  0.996400	  6.411664
B	  4.308272	  5.082170
A	  0.783675	  0.968845
A	  0.198525	  1.909733
A	  2.738278	  1.711360
A	  0.190628	  4.017275
B	  5.539218	  2.462825
A	  1.828456	  0.196299
B	  4.779114	  2.599762
B	  3.403818	  5.673427
B	  0.810523	  4.535470
B	  3.148798	  0.741641
B	  4.668081	 -0.053488
A	  1.204272	  0.818102
A	  0.676414	  2.286462
B	  0.993368	  7.219060
A	  0.223513	  0.656547
B	  5.237066	  3.366483
A	 -1.055948	  0.234460
B	  2.933850	  5.330584
A	 -0.040040	  1.253645
B	  2.032445	  7.194228
B	  4.702008	  2.527559
A	 -0.438676	  0.746601
A	  1.277787	  2.319616
A	 -0.097319	  0.921717
A	  1.538078	  1.579331
B	  6.274272	  3.349172
A	  1.822008	  0.843198
A	  0.183561	  0.319265
B	  4.636867	  2.650611
A	  0.885526	  0.606851
B	  3.761901	  4.430971
B	  3.046846	  6.439025
A	  0.826159	  0.671237
A	  2.433218	  2.024732
B	  1.555069	  5.774465
B	  4.770639	  5.123418
B	  5.516622	  2.726344
A	  1.500946	  0.749458
A	 -0.018265	  2.371206
A	  2.052687	  1.044386
A	  1.017057	  1.101202
B	  6.466721	  0.185524
A	  0.129846	  2.086392
A	  1.076338	  1.277849
B	  3.718452	  4.489125
A	  1.278125	 -0.102753
A	 -0.236111	  1.563235
A	  0.549493	  0.932579
B	  3.759114	  3.837826
A	  0.535155	  0.106113
B	  5.848768	  2.863322
B	  4.007697	  6.387448
B	  5.702063	  3.432184
A	  1.629561	 -0.499891
A	  1.665203	  0.596998
A	  2.387275	  1.458203
A	  1.981354	  1.299705
B	  5.051801	  3.486816
B	  2.029661	  7.123517
A	  1.962985	  1.022920
A	 -1.749260	  0.102655
A	  0.213837	  2.067821
A	  2.570703	  1.552911
B	  6.278447	  2.438239
A	  1.466097	  1.036776
B	  3.762700	  3.427264
B	  4.542423	  2.374501
B	  2.959571	  5.337480
B	  1.857311	  4.581644
A	  2.087453	  2.696320
B	  1.575882	  7.876823
A	 -0.920970	  2.792265
B	  4.304179	  2.467647
B	  7.083671	  2.552314
B	  4.538937	  3.612549
B	  5.591147	  1.604706
A	 -0.273516	  0.630557
A	 -0.554779	  1.257761
A	  1.843972	  0.623293
A	  1.051409	  2.264269
A	  2.290664	  1.622060
B	  5.625824	  2.718942
A	  0.175874	  0.080030
A	  1.010601	 -1.274424
A	 -0.037844	 -0.085577
A	  1.260212	 -0.941686
B	  2.031718	  7.018574
A	  2.332401	 -0.552720
A	 -0.307785	  2.007403
B	  5.423672	  3.119698
B	  3.784039	  4.843442
A	  1.445732	  1.709702
B	  0.813542	  5.484929
A	  0.633778	  1.337495
A	  1.760337	  1.700451
A	  1.537488	  2.525587
B	  5.688818	  1.914520
B	  4.765042	  2.933258
B	  3.829215	  3.399943
B	 -0.715008	  8.710367
A	  0.671433	  1.524475
A	  0.440140	  0.644890
B	  3.858412	  5.222595
B	  4.864874	  2.943421
A	  2.100794	  1.518160
B	  7.122675	  0.165693
B	  5.440190	  3.065268
A	  0.706155	  2.071293
B	  6.883476	  0.976577
B	  5.687359	  1.041355
B	  2.115771	  4.026940
A	  1.516833	  0.774534
B	  6.588013	  2.932926
A	 -0.013805	  2.571986
A	  0.335412	  1.776753
B	  5.223904	  3.632721
B	  5.904382	  2.518840
B	  1.546333	  4.866990
B	 -1.343358	 10.451846
A	  2.793902	 -1.588425
B	  1.434125	  5.064093
B	  2.849893	  4.080261
B	  6.470590	  3.481689
B	  4.274163	  2.870218
A	  1.322476	  0.243170
A	  1.674455	  1.036847
B	  6.048656	  3.331210
A	  2.348583	  0.681682
B	  2.833568	  3.058866
A	  2.547288	  1.445822
A	 -0.008920	  0.389895
B	  6.158599	  3.133632
B	  6.422957	 -0.509351
B	  5.506924	  3.143679
A	  0.458743	  1.402725
B	  4.995093	  5.490405
B	  4.725548	  5.174527
A	  0.411823	  0.297189
B	  4.020665	  6.171219
A	  0.916546	  0.130140
A	  1.746346	  1.188230
A	  0.868784	 -0.850815
B	  4.111380	  5.014185
B	  2.207588	  3.538292
B	  8.424118	  1.190523
B	  7.019551	  2.484444
A	  2.253680	  0.249241
B	  6.763849	  0.215029
B	  3.090796	  3.121397
B	  5.689098	  2.283999
B	  5.150309	  6.381305
B	  5.776234	 -0.018339
B	  3.342200	  3.765098
A	  0.836802	  0.580976
A	  1.135926	  1.317477
B	  4.001045	  0.766457
B	  2.295658	  4.867297
A	  1.703479	  1.529499
B	  4.700645	  5.106560
A	  0.834104	  5.038119
A	  0.507064	  1.234859
A	 -0.729248	  1.129533
B	  8.174426	 -0.753100
A	 -0.190588	  2.140564
A	  0.172356	  2.499304
A	 -0.660605	 -0.071425
A	 -1.002417	  1.883662
B	  6.041870	  0.640163
A	  0.658829	  0.870578
B	  6.084649	  2.631128
B	  3.255021	  2.322100
A	  0.296868	  0.744531
B	  0.940882	  5.358425
B	  1.267770	  7.863633
A	  0.913275	 -0.938295
B	  3.297933	  5.691994
B	  8.740686	 -1.464108
A	  2.176699	  1.053209
B	  3.937986	  7.034732
